"Dates","Bid_Price","Ask_Price","Bid_Ask_Spread_Pct"
2010-01-04,NA,NA,NA
2010-01-05,NA,NA,NA
2010-01-06,NA,NA,NA
2010-01-07,NA,NA,NA
2010-01-08,NA,NA,NA
2010-01-11,NA,NA,NA
2010-01-12,NA,NA,NA
2010-01-13,NA,NA,NA
2010-01-14,NA,NA,NA
2010-01-15,NA,NA,NA
2010-01-18,NA,NA,NA
2010-01-19,NA,NA,NA
2010-01-20,NA,NA,NA
2010-01-21,NA,NA,NA
2010-01-22,NA,NA,NA
2010-01-25,NA,NA,NA
2010-01-26,NA,NA,NA
2010-01-27,NA,NA,NA
2010-01-28,NA,NA,NA
2010-01-29,NA,NA,NA
2010-02-01,NA,NA,NA
2010-02-02,NA,NA,NA
2010-02-03,NA,NA,NA
2010-02-04,NA,NA,NA
2010-02-05,NA,NA,NA
2010-02-08,NA,NA,NA
2010-02-09,NA,NA,NA
2010-02-10,NA,NA,NA
2010-02-11,NA,NA,NA
2010-02-12,NA,NA,NA
2010-02-15,NA,NA,NA
2010-02-16,NA,NA,NA
2010-02-17,NA,NA,NA
2010-02-18,NA,NA,NA
2010-02-19,NA,NA,NA
2010-02-22,NA,NA,NA
2010-02-23,NA,NA,NA
2010-02-24,NA,NA,NA
2010-02-25,NA,NA,NA
2010-02-26,NA,NA,NA
2010-03-01,NA,NA,NA
2010-03-02,NA,NA,NA
2010-03-03,NA,NA,NA
2010-03-04,NA,NA,NA
2010-03-05,NA,NA,NA
2010-03-08,NA,NA,NA
2010-03-09,NA,NA,NA
2010-03-10,NA,NA,NA
2010-03-11,NA,NA,NA
2010-03-12,NA,NA,NA
2010-03-15,NA,NA,NA
2010-03-16,NA,NA,NA
2010-03-17,NA,NA,NA
2010-03-18,NA,NA,NA
2010-03-19,NA,NA,NA
2010-03-22,NA,NA,NA
2010-03-23,NA,NA,NA
2010-03-24,NA,NA,NA
2010-03-25,NA,NA,NA
2010-03-26,NA,NA,NA
2010-03-29,NA,NA,NA
2010-03-30,NA,NA,NA
2010-03-31,NA,NA,NA
2010-04-01,NA,NA,NA
2010-04-02,NA,NA,NA
2010-04-05,NA,NA,NA
2010-04-06,NA,NA,NA
2010-04-07,NA,NA,NA
2010-04-08,NA,NA,NA
2010-04-09,NA,NA,NA
2010-04-12,NA,NA,NA
2010-04-13,NA,NA,NA
2010-04-14,NA,NA,NA
2010-04-15,NA,NA,NA
2010-04-16,NA,NA,NA
2010-04-19,NA,NA,NA
2010-04-20,NA,NA,NA
2010-04-21,NA,NA,NA
2010-04-22,NA,NA,NA
2010-04-23,NA,NA,NA
2010-04-26,NA,NA,NA
2010-04-27,NA,NA,NA
2010-04-28,NA,NA,NA
2010-04-29,NA,NA,NA
2010-04-30,NA,NA,NA
2010-05-03,NA,NA,NA
2010-05-04,NA,NA,NA
2010-05-05,NA,NA,NA
2010-05-06,NA,NA,NA
2010-05-07,NA,NA,NA
2010-05-10,NA,NA,NA
2010-05-11,NA,NA,NA
2010-05-12,NA,NA,NA
2010-05-13,NA,NA,NA
2010-05-14,NA,NA,NA
2010-05-17,NA,NA,NA
2010-05-18,NA,NA,NA
2010-05-19,NA,NA,NA
2010-05-20,NA,NA,NA
2010-05-21,NA,NA,NA
2010-05-24,NA,NA,NA
2010-05-25,NA,NA,NA
2010-05-26,NA,NA,NA
2010-05-27,NA,NA,NA
2010-05-28,NA,NA,NA
2010-05-31,NA,NA,NA
2010-06-01,NA,NA,NA
2010-06-02,NA,NA,NA
2010-06-03,NA,NA,NA
2010-06-04,NA,NA,NA
2010-06-07,NA,NA,NA
2010-06-08,NA,NA,NA
2010-06-09,NA,NA,NA
2010-06-10,NA,NA,NA
2010-06-11,NA,NA,NA
2010-06-14,NA,NA,NA
2010-06-15,NA,NA,NA
2010-06-16,NA,NA,NA
2010-06-17,NA,NA,NA
2010-06-18,NA,NA,NA
2010-06-21,NA,NA,NA
2010-06-22,NA,NA,NA
2010-06-23,NA,NA,NA
2010-06-24,NA,NA,NA
2010-06-25,NA,NA,NA
2010-06-28,NA,NA,NA
2010-06-29,NA,NA,NA
2010-06-30,NA,NA,NA
2010-07-01,NA,NA,NA
2010-07-02,NA,NA,NA
2010-07-05,NA,NA,NA
2010-07-06,NA,NA,NA
2010-07-07,NA,NA,NA
2010-07-08,NA,NA,NA
2010-07-09,NA,NA,NA
2010-07-12,NA,NA,NA
2010-07-13,NA,NA,NA
2010-07-14,NA,NA,NA
2010-07-15,NA,NA,NA
2010-07-16,NA,NA,NA
2010-07-19,NA,NA,NA
2010-07-20,NA,NA,NA
2010-07-21,NA,NA,NA
2010-07-22,NA,NA,NA
2010-07-23,NA,NA,NA
2010-07-26,NA,NA,NA
2010-07-27,NA,NA,NA
2010-07-28,NA,NA,NA
2010-07-29,NA,NA,NA
2010-07-30,NA,NA,NA
2010-08-02,NA,NA,NA
2010-08-03,NA,NA,NA
2010-08-04,NA,NA,NA
2010-08-05,NA,NA,NA
2010-08-06,NA,NA,NA
2010-08-09,NA,NA,NA
2010-08-10,NA,NA,NA
2010-08-11,NA,NA,NA
2010-08-12,NA,NA,NA
2010-08-13,NA,NA,NA
2010-08-16,NA,NA,NA
2010-08-17,NA,NA,NA
2010-08-18,NA,NA,NA
2010-08-19,NA,NA,NA
2010-08-20,NA,NA,NA
2010-08-23,NA,NA,NA
2010-08-24,NA,NA,NA
2010-08-25,NA,NA,NA
2010-08-26,NA,NA,NA
2010-08-27,NA,NA,NA
2010-08-30,NA,NA,NA
2010-08-31,NA,NA,NA
2010-09-01,NA,NA,NA
2010-09-02,NA,NA,NA
2010-09-03,NA,NA,NA
2010-09-06,NA,NA,NA
2010-09-07,NA,NA,NA
2010-09-08,NA,NA,NA
2010-09-09,NA,NA,NA
2010-09-10,NA,NA,NA
2010-09-13,NA,NA,NA
2010-09-14,NA,NA,NA
2010-09-15,NA,NA,NA
2010-09-16,NA,NA,NA
2010-09-17,NA,NA,NA
2010-09-20,NA,NA,NA
2010-09-21,NA,NA,NA
2010-09-22,NA,NA,NA
2010-09-23,NA,NA,NA
2010-09-24,NA,NA,NA
2010-09-27,NA,NA,NA
2010-09-28,NA,NA,NA
2010-09-29,NA,NA,NA
2010-09-30,NA,NA,NA
2010-10-01,NA,NA,NA
2010-10-04,NA,NA,NA
2010-10-05,NA,NA,NA
2010-10-06,NA,NA,NA
2010-10-07,NA,NA,NA
2010-10-08,NA,NA,NA
2010-10-11,NA,NA,NA
2010-10-12,NA,NA,NA
2010-10-13,NA,NA,NA
2010-10-14,NA,NA,NA
2010-10-15,NA,NA,NA
2010-10-18,NA,NA,NA
2010-10-19,NA,NA,NA
2010-10-20,NA,NA,NA
2010-10-21,NA,NA,NA
2010-10-22,NA,NA,NA
2010-10-25,NA,NA,NA
2010-10-26,NA,NA,NA
2010-10-27,NA,NA,NA
2010-10-28,NA,NA,NA
2010-10-29,NA,NA,NA
2010-11-01,NA,NA,NA
2010-11-02,NA,NA,NA
2010-11-03,NA,NA,NA
2010-11-04,NA,NA,NA
2010-11-05,NA,NA,NA
2010-11-08,NA,NA,NA
2010-11-09,NA,NA,NA
2010-11-10,NA,NA,NA
2010-11-11,NA,NA,NA
2010-11-12,NA,NA,NA
2010-11-15,NA,NA,NA
2010-11-16,NA,NA,NA
2010-11-17,NA,NA,NA
2010-11-18,NA,NA,NA
2010-11-19,NA,NA,NA
2010-11-22,NA,NA,NA
2010-11-23,NA,NA,NA
2010-11-24,NA,NA,NA
2010-11-25,NA,NA,NA
2010-11-26,NA,NA,NA
2010-11-29,NA,NA,NA
2010-11-30,NA,NA,NA
2010-12-01,NA,NA,NA
2010-12-02,NA,NA,NA
2010-12-03,NA,NA,NA
2010-12-06,NA,NA,NA
2010-12-07,NA,NA,NA
2010-12-08,NA,NA,NA
2010-12-09,NA,NA,NA
2010-12-10,NA,NA,NA
2010-12-13,NA,NA,NA
2010-12-14,NA,NA,NA
2010-12-15,NA,NA,NA
2010-12-16,NA,NA,NA
2010-12-17,NA,NA,NA
2010-12-20,NA,NA,NA
2010-12-21,NA,NA,NA
2010-12-22,NA,NA,NA
2010-12-23,NA,NA,NA
2010-12-24,NA,NA,NA
2010-12-27,NA,NA,NA
2010-12-28,NA,NA,NA
2010-12-29,NA,NA,NA
2010-12-30,NA,NA,NA
2010-12-31,NA,NA,NA
2011-01-03,NA,NA,NA
2011-01-04,NA,NA,NA
2011-01-05,NA,NA,NA
2011-01-06,NA,NA,NA
2011-01-07,NA,NA,NA
2011-01-10,NA,NA,NA
2011-01-11,NA,NA,NA
2011-01-12,NA,NA,NA
2011-01-13,NA,NA,NA
2011-01-14,NA,NA,NA
2011-01-17,NA,NA,NA
2011-01-18,NA,NA,NA
2011-01-19,NA,NA,NA
2011-01-20,NA,NA,NA
2011-01-21,NA,NA,NA
2011-01-24,NA,NA,NA
2011-01-25,NA,NA,NA
2011-01-26,NA,NA,NA
2011-01-27,NA,NA,NA
2011-01-28,NA,NA,NA
2011-01-31,NA,NA,NA
2011-02-01,NA,NA,NA
2011-02-02,NA,NA,NA
2011-02-03,NA,NA,NA
2011-02-04,NA,NA,NA
2011-02-07,NA,NA,NA
2011-02-08,NA,NA,NA
2011-02-09,NA,NA,NA
2011-02-10,NA,NA,NA
2011-02-11,NA,NA,NA
2011-02-14,NA,NA,NA
2011-02-15,NA,NA,NA
2011-02-16,NA,NA,NA
2011-02-17,NA,NA,NA
2011-02-18,NA,NA,NA
2011-02-21,NA,NA,NA
2011-02-22,NA,NA,NA
2011-02-23,NA,NA,NA
2011-02-24,NA,NA,NA
2011-02-25,NA,NA,NA
2011-02-28,NA,NA,NA
2011-03-01,NA,NA,NA
2011-03-02,NA,NA,NA
2011-03-03,NA,NA,NA
2011-03-04,NA,NA,NA
2011-03-07,NA,NA,NA
2011-03-08,NA,NA,NA
2011-03-09,NA,NA,NA
2011-03-10,NA,NA,NA
2011-03-11,NA,NA,NA
2011-03-14,NA,NA,NA
2011-03-15,NA,NA,NA
2011-03-16,NA,NA,NA
2011-03-17,NA,NA,NA
2011-03-18,NA,NA,NA
2011-03-21,NA,NA,NA
2011-03-22,NA,NA,NA
2011-03-23,NA,NA,NA
2011-03-24,NA,NA,NA
2011-03-25,NA,NA,NA
2011-03-28,NA,NA,NA
2011-03-29,NA,NA,NA
2011-03-30,NA,NA,NA
2011-03-31,NA,NA,NA
2011-04-01,NA,NA,NA
2011-04-04,NA,NA,NA
2011-04-05,NA,NA,NA
2011-04-06,NA,NA,NA
2011-04-07,NA,NA,NA
2011-04-08,NA,NA,NA
2011-04-11,NA,NA,NA
2011-04-12,NA,NA,NA
2011-04-13,NA,NA,NA
2011-04-14,NA,NA,NA
2011-04-15,NA,NA,NA
2011-04-18,NA,NA,NA
2011-04-19,NA,NA,NA
2011-04-20,NA,NA,NA
2011-04-21,NA,NA,NA
2011-04-22,NA,NA,NA
2011-04-25,NA,NA,NA
2011-04-26,NA,NA,NA
2011-04-27,NA,NA,NA
2011-04-28,NA,NA,NA
2011-04-29,NA,NA,NA
2011-05-02,NA,NA,NA
2011-05-03,NA,NA,NA
2011-05-04,NA,NA,NA
2011-05-05,NA,NA,NA
2011-05-06,NA,NA,NA
2011-05-09,NA,NA,NA
2011-05-10,NA,NA,NA
2011-05-11,NA,NA,NA
2011-05-12,NA,NA,NA
2011-05-13,NA,NA,NA
2011-05-16,NA,NA,NA
2011-05-17,NA,NA,NA
2011-05-18,NA,NA,NA
2011-05-19,NA,NA,NA
2011-05-20,NA,NA,NA
2011-05-23,NA,NA,NA
2011-05-24,NA,NA,NA
2011-05-25,NA,NA,NA
2011-05-26,NA,NA,NA
2011-05-27,NA,NA,NA
2011-05-30,NA,NA,NA
2011-05-31,NA,NA,NA
2011-06-01,NA,NA,NA
2011-06-02,NA,NA,NA
2011-06-03,NA,NA,NA
2011-06-06,NA,NA,NA
2011-06-07,NA,NA,NA
2011-06-08,NA,NA,NA
2011-06-09,NA,NA,NA
2011-06-10,NA,NA,NA
2011-06-13,NA,NA,NA
2011-06-14,NA,NA,NA
2011-06-15,NA,NA,NA
2011-06-16,NA,NA,NA
2011-06-17,NA,NA,NA
2011-06-20,NA,NA,NA
2011-06-21,NA,NA,NA
2011-06-22,NA,NA,NA
2011-06-23,NA,NA,NA
2011-06-24,NA,NA,NA
2011-06-27,NA,NA,NA
2011-06-28,NA,NA,NA
2011-06-29,NA,NA,NA
2011-06-30,NA,NA,NA
2011-07-01,NA,NA,NA
2011-07-04,NA,NA,NA
2011-07-05,NA,NA,NA
2011-07-06,NA,NA,NA
2011-07-07,NA,NA,NA
2011-07-08,NA,NA,NA
2011-07-11,NA,NA,NA
2011-07-12,NA,NA,NA
2011-07-13,NA,NA,NA
2011-07-14,NA,NA,NA
2011-07-15,NA,NA,NA
2011-07-18,NA,NA,NA
2011-07-19,NA,NA,NA
2011-07-20,NA,NA,NA
2011-07-21,NA,NA,NA
2011-07-22,NA,NA,NA
2011-07-25,NA,NA,NA
2011-07-26,NA,NA,NA
2011-07-27,NA,NA,NA
2011-07-28,NA,NA,NA
2011-07-29,NA,NA,NA
2011-08-01,NA,NA,NA
2011-08-02,NA,NA,NA
2011-08-03,NA,NA,NA
2011-08-04,NA,NA,NA
2011-08-05,NA,NA,NA
2011-08-08,NA,NA,NA
2011-08-09,NA,NA,NA
2011-08-10,NA,NA,NA
2011-08-11,NA,NA,NA
2011-08-12,NA,NA,NA
2011-08-15,NA,NA,NA
2011-08-16,NA,NA,NA
2011-08-17,NA,NA,NA
2011-08-18,NA,NA,NA
2011-08-19,NA,NA,NA
2011-08-22,NA,NA,NA
2011-08-23,NA,NA,NA
2011-08-24,NA,NA,NA
2011-08-25,NA,NA,NA
2011-08-26,NA,NA,NA
2011-08-29,NA,NA,NA
2011-08-30,NA,NA,NA
2011-08-31,NA,NA,NA
2011-09-01,NA,NA,NA
2011-09-02,NA,NA,NA
2011-09-05,NA,NA,NA
2011-09-06,NA,NA,NA
2011-09-07,NA,NA,NA
2011-09-08,NA,NA,NA
2011-09-09,NA,NA,NA
2011-09-12,NA,NA,NA
2011-09-13,NA,NA,NA
2011-09-14,NA,NA,NA
2011-09-15,NA,NA,NA
2011-09-16,NA,NA,NA
2011-09-19,NA,NA,NA
2011-09-20,NA,NA,NA
2011-09-21,NA,NA,NA
2011-09-22,NA,NA,NA
2011-09-23,NA,NA,NA
2011-09-26,NA,NA,NA
2011-09-27,NA,NA,NA
2011-09-28,NA,NA,NA
2011-09-29,NA,NA,NA
2011-09-30,NA,NA,NA
2011-10-03,NA,NA,NA
2011-10-04,NA,NA,NA
2011-10-05,NA,NA,NA
2011-10-06,NA,NA,NA
2011-10-07,NA,NA,NA
2011-10-10,NA,NA,NA
2011-10-11,NA,NA,NA
2011-10-12,NA,NA,NA
2011-10-13,NA,NA,NA
2011-10-14,NA,NA,NA
2011-10-17,NA,NA,NA
2011-10-18,NA,NA,NA
2011-10-19,NA,NA,NA
2011-10-20,NA,NA,NA
2011-10-21,NA,NA,NA
2011-10-24,NA,NA,NA
2011-10-25,NA,NA,NA
2011-10-26,NA,NA,NA
2011-10-27,NA,NA,NA
2011-10-28,NA,NA,NA
2011-10-31,NA,NA,NA
2011-11-01,NA,NA,NA
2011-11-02,NA,NA,NA
2011-11-03,NA,NA,NA
2011-11-04,NA,NA,NA
2011-11-07,NA,NA,NA
2011-11-08,NA,NA,NA
2011-11-09,NA,NA,NA
2011-11-10,NA,NA,NA
2011-11-11,NA,NA,NA
2011-11-14,NA,NA,NA
2011-11-15,NA,NA,NA
2011-11-16,NA,NA,NA
2011-11-17,NA,NA,NA
2011-11-18,NA,NA,NA
2011-11-21,NA,NA,NA
2011-11-22,NA,NA,NA
2011-11-23,NA,NA,NA
2011-11-24,NA,NA,NA
2011-11-25,NA,NA,NA
2011-11-28,NA,NA,NA
2011-11-29,NA,NA,NA
2011-11-30,NA,NA,NA
2011-12-01,NA,NA,NA
2011-12-02,NA,NA,NA
2011-12-05,NA,NA,NA
2011-12-06,NA,NA,NA
2011-12-07,NA,NA,NA
2011-12-08,NA,NA,NA
2011-12-09,NA,NA,NA
2011-12-12,NA,NA,NA
2011-12-13,NA,NA,NA
2011-12-14,NA,NA,NA
2011-12-15,NA,NA,NA
2011-12-16,NA,NA,NA
2011-12-19,NA,NA,NA
2011-12-20,NA,NA,NA
2011-12-21,NA,NA,NA
2011-12-22,NA,NA,NA
2011-12-23,NA,NA,NA
2011-12-26,NA,NA,NA
2011-12-27,NA,NA,NA
2011-12-28,NA,NA,NA
2011-12-29,NA,NA,NA
2011-12-30,NA,NA,NA
2012-01-02,NA,NA,NA
2012-01-03,NA,NA,NA
2012-01-04,NA,NA,NA
2012-01-05,NA,NA,NA
2012-01-06,NA,NA,NA
2012-01-09,NA,NA,NA
2012-01-10,NA,NA,NA
2012-01-11,NA,NA,NA
2012-01-12,NA,NA,NA
2012-01-13,NA,NA,NA
2012-01-16,NA,NA,NA
2012-01-17,NA,NA,NA
2012-01-18,NA,NA,NA
2012-01-19,NA,NA,NA
2012-01-20,NA,NA,NA
2012-01-23,NA,NA,NA
2012-01-24,NA,NA,NA
2012-01-25,NA,NA,NA
2012-01-26,NA,NA,NA
2012-01-27,NA,NA,NA
2012-01-30,NA,NA,NA
2012-01-31,NA,NA,NA
2012-02-01,NA,NA,NA
2012-02-02,NA,NA,NA
2012-02-03,NA,NA,NA
2012-02-06,NA,NA,NA
2012-02-07,NA,NA,NA
2012-02-08,NA,NA,NA
2012-02-09,NA,NA,NA
2012-02-10,NA,NA,NA
2012-02-13,NA,NA,NA
2012-02-14,NA,NA,NA
2012-02-15,NA,NA,NA
2012-02-16,NA,NA,NA
2012-02-17,NA,NA,NA
2012-02-20,NA,NA,NA
2012-02-21,NA,NA,NA
2012-02-22,NA,NA,NA
2012-02-23,NA,NA,NA
2012-02-24,NA,NA,NA
2012-02-27,NA,NA,NA
2012-02-28,NA,NA,NA
2012-02-29,NA,NA,NA
2012-03-01,NA,NA,NA
2012-03-02,NA,NA,NA
2012-03-05,NA,NA,NA
2012-03-06,NA,NA,NA
2012-03-07,NA,NA,NA
2012-03-08,NA,NA,NA
2012-03-09,NA,NA,NA
2012-03-12,NA,NA,NA
2012-03-13,NA,NA,NA
2012-03-14,NA,NA,NA
2012-03-15,NA,NA,NA
2012-03-16,NA,NA,NA
2012-03-19,NA,NA,NA
2012-03-20,NA,NA,NA
2012-03-21,NA,NA,NA
2012-03-22,NA,NA,NA
2012-03-23,NA,NA,NA
2012-03-26,NA,NA,NA
2012-03-27,NA,NA,NA
2012-03-28,NA,NA,NA
2012-03-29,NA,NA,NA
2012-03-30,NA,NA,NA
2012-04-02,NA,NA,NA
2012-04-03,NA,NA,NA
2012-04-04,NA,NA,NA
2012-04-05,NA,NA,NA
2012-04-06,NA,NA,NA
2012-04-09,NA,NA,NA
2012-04-10,NA,NA,NA
2012-04-11,NA,NA,NA
2012-04-12,NA,NA,NA
2012-04-13,NA,NA,NA
2012-04-16,NA,NA,NA
2012-04-17,NA,NA,NA
2012-04-18,NA,NA,NA
2012-04-19,NA,NA,NA
2012-04-20,NA,NA,NA
2012-04-23,NA,NA,NA
2012-04-24,NA,NA,NA
2012-04-25,NA,NA,NA
2012-04-26,NA,NA,NA
2012-04-27,NA,NA,NA
2012-04-30,NA,NA,NA
2012-05-01,NA,NA,NA
2012-05-02,NA,NA,NA
2012-05-03,NA,NA,NA
2012-05-04,NA,NA,NA
2012-05-07,NA,NA,NA
2012-05-08,NA,NA,NA
2012-05-09,NA,NA,NA
2012-05-10,NA,NA,NA
2012-05-11,NA,NA,NA
2012-05-14,NA,NA,NA
2012-05-15,NA,NA,NA
2012-05-16,NA,NA,NA
2012-05-17,NA,NA,NA
2012-05-18,NA,NA,NA
2012-05-21,NA,NA,NA
2012-05-22,NA,NA,NA
2012-05-23,NA,NA,NA
2012-05-24,NA,NA,NA
2012-05-25,NA,NA,NA
2012-05-28,NA,NA,NA
2012-05-29,NA,NA,NA
2012-05-30,NA,NA,NA
2012-05-31,NA,NA,NA
2012-06-01,NA,NA,NA
2012-06-04,NA,NA,NA
2012-06-05,NA,NA,NA
2012-06-06,NA,NA,NA
2012-06-07,NA,NA,NA
2012-06-08,NA,NA,NA
2012-06-11,NA,NA,NA
2012-06-12,NA,NA,NA
2012-06-13,NA,NA,NA
2012-06-14,NA,NA,NA
2012-06-15,NA,NA,NA
2012-06-18,NA,NA,NA
2012-06-19,NA,NA,NA
2012-06-20,NA,NA,NA
2012-06-21,NA,NA,NA
2012-06-22,NA,NA,NA
2012-06-25,NA,NA,NA
2012-06-26,NA,NA,NA
2012-06-27,NA,NA,NA
2012-06-28,NA,NA,NA
2012-06-29,NA,NA,NA
2012-07-02,NA,NA,NA
2012-07-03,NA,NA,NA
2012-07-04,NA,NA,NA
2012-07-05,NA,NA,NA
2012-07-06,NA,NA,NA
2012-07-09,NA,NA,NA
2012-07-10,NA,NA,NA
2012-07-11,NA,NA,NA
2012-07-12,NA,NA,NA
2012-07-13,NA,NA,NA
2012-07-16,NA,NA,NA
2012-07-17,NA,NA,NA
2012-07-18,NA,NA,NA
2012-07-19,NA,NA,NA
2012-07-20,NA,NA,NA
2012-07-23,NA,NA,NA
2012-07-24,NA,NA,NA
2012-07-25,NA,NA,NA
2012-07-26,NA,NA,NA
2012-07-27,NA,NA,NA
2012-07-30,NA,NA,NA
2012-07-31,NA,NA,NA
2012-08-01,NA,NA,NA
2012-08-02,NA,NA,NA
2012-08-03,NA,NA,NA
2012-08-06,NA,NA,NA
2012-08-07,NA,NA,NA
2012-08-08,NA,NA,NA
2012-08-09,NA,NA,NA
2012-08-10,NA,NA,NA
2012-08-13,NA,NA,NA
2012-08-14,NA,NA,NA
2012-08-15,NA,NA,NA
2012-08-16,NA,NA,NA
2012-08-17,NA,NA,NA
2012-08-20,NA,NA,NA
2012-08-21,NA,NA,NA
2012-08-22,NA,NA,NA
2012-08-23,NA,NA,NA
2012-08-24,NA,NA,NA
2012-08-27,NA,NA,NA
2012-08-28,NA,NA,NA
2012-08-29,NA,NA,NA
2012-08-30,NA,NA,NA
2012-08-31,NA,NA,NA
2012-09-03,NA,NA,NA
2012-09-04,NA,NA,NA
2012-09-05,NA,NA,NA
2012-09-06,NA,NA,NA
2012-09-07,NA,NA,NA
2012-09-10,NA,NA,NA
2012-09-11,NA,NA,NA
2012-09-12,NA,NA,NA
2012-09-13,NA,NA,NA
2012-09-14,NA,NA,NA
2012-09-17,NA,NA,NA
2012-09-18,NA,NA,NA
2012-09-19,NA,NA,NA
2012-09-20,NA,NA,NA
2012-09-21,NA,NA,NA
2012-09-24,NA,NA,NA
2012-09-25,NA,NA,NA
2012-09-26,NA,NA,NA
2012-09-27,NA,NA,NA
2012-09-28,NA,NA,NA
2012-10-01,NA,NA,NA
2012-10-02,NA,NA,NA
2012-10-03,NA,NA,NA
2012-10-04,NA,NA,NA
2012-10-05,NA,NA,NA
2012-10-08,NA,NA,NA
2012-10-09,NA,NA,NA
2012-10-10,NA,NA,NA
2012-10-11,NA,NA,NA
2012-10-12,NA,NA,NA
2012-10-15,NA,NA,NA
2012-10-16,NA,NA,NA
2012-10-17,NA,NA,NA
2012-10-18,NA,NA,NA
2012-10-19,NA,NA,NA
2012-10-22,NA,NA,NA
2012-10-23,NA,NA,NA
2012-10-24,NA,NA,NA
2012-10-25,NA,NA,NA
2012-10-26,NA,NA,NA
2012-10-29,NA,NA,NA
2012-10-30,NA,NA,NA
2012-10-31,NA,NA,NA
2012-11-01,NA,NA,NA
2012-11-02,NA,NA,NA
2012-11-05,NA,NA,NA
2012-11-06,NA,NA,NA
2012-11-07,NA,NA,NA
2012-11-08,NA,NA,NA
2012-11-09,NA,NA,NA
2012-11-12,NA,NA,NA
2012-11-13,NA,NA,NA
2012-11-14,NA,NA,NA
2012-11-15,NA,NA,NA
2012-11-16,NA,NA,NA
2012-11-19,NA,NA,NA
2012-11-20,NA,NA,NA
2012-11-21,NA,NA,NA
2012-11-22,NA,NA,NA
2012-11-23,NA,NA,NA
2012-11-26,NA,NA,NA
2012-11-27,NA,NA,NA
2012-11-28,NA,NA,NA
2012-11-29,NA,NA,NA
2012-11-30,NA,NA,NA
2012-12-03,NA,NA,NA
2012-12-04,NA,NA,NA
2012-12-05,NA,NA,NA
2012-12-06,NA,NA,NA
2012-12-07,NA,NA,NA
2012-12-10,NA,NA,NA
2012-12-11,NA,NA,NA
2012-12-12,NA,NA,NA
2012-12-13,NA,NA,NA
2012-12-14,NA,NA,NA
2012-12-17,NA,NA,NA
2012-12-18,NA,NA,NA
2012-12-19,NA,NA,NA
2012-12-20,NA,NA,NA
2012-12-21,NA,NA,NA
2012-12-24,NA,NA,NA
2012-12-25,NA,NA,NA
2012-12-26,NA,NA,NA
2012-12-27,NA,NA,NA
2012-12-28,NA,NA,NA
2012-12-31,NA,NA,NA
2013-01-01,NA,NA,NA
2013-01-02,NA,NA,NA
2013-01-03,NA,NA,NA
2013-01-04,NA,NA,NA
2013-01-07,NA,NA,NA
2013-01-08,NA,NA,NA
2013-01-09,NA,NA,NA
2013-01-10,NA,NA,NA
2013-01-11,NA,NA,NA
2013-01-14,NA,NA,NA
2013-01-15,NA,NA,NA
2013-01-16,NA,NA,NA
2013-01-17,NA,NA,NA
2013-01-18,NA,NA,NA
2013-01-21,NA,NA,NA
2013-01-22,NA,NA,NA
2013-01-23,NA,NA,NA
2013-01-24,NA,NA,NA
2013-01-25,NA,NA,NA
2013-01-28,NA,NA,NA
2013-01-29,NA,NA,NA
2013-01-30,NA,NA,NA
2013-01-31,NA,NA,NA
2013-02-01,NA,NA,NA
2013-02-04,NA,NA,NA
2013-02-05,NA,NA,NA
2013-02-06,NA,NA,NA
2013-02-07,NA,NA,NA
2013-02-08,NA,NA,NA
2013-02-11,NA,NA,NA
2013-02-12,NA,NA,NA
2013-02-13,NA,NA,NA
2013-02-14,NA,NA,NA
2013-02-15,NA,NA,NA
2013-02-18,NA,NA,NA
2013-02-19,NA,NA,NA
2013-02-20,NA,NA,NA
2013-02-21,NA,NA,NA
2013-02-22,NA,NA,NA
2013-02-25,NA,NA,NA
2013-02-26,NA,NA,NA
2013-02-27,NA,NA,NA
2013-02-28,NA,NA,NA
2013-03-01,NA,NA,NA
2013-03-04,NA,NA,NA
2013-03-05,NA,NA,NA
2013-03-06,NA,NA,NA
2013-03-07,NA,NA,NA
2013-03-08,NA,NA,NA
2013-03-11,NA,NA,NA
2013-03-12,NA,NA,NA
2013-03-13,NA,NA,NA
2013-03-14,NA,NA,NA
2013-03-15,NA,NA,NA
2013-03-18,NA,NA,NA
2013-03-19,NA,NA,NA
2013-03-20,NA,NA,NA
2013-03-21,NA,NA,NA
2013-03-22,NA,NA,NA
2013-03-25,NA,NA,NA
2013-03-26,NA,NA,NA
2013-03-27,NA,NA,NA
2013-03-28,NA,NA,NA
2013-03-29,NA,NA,NA
2013-04-01,NA,NA,NA
2013-04-02,NA,NA,NA
2013-04-03,NA,NA,NA
2013-04-04,NA,NA,NA
2013-04-05,NA,NA,NA
2013-04-08,NA,NA,NA
2013-04-09,NA,NA,NA
2013-04-10,NA,NA,NA
2013-04-11,NA,NA,NA
2013-04-12,NA,NA,NA
2013-04-15,NA,NA,NA
2013-04-16,NA,NA,NA
2013-04-17,NA,NA,NA
2013-04-18,NA,NA,NA
2013-04-19,NA,NA,NA
2013-04-22,NA,NA,NA
2013-04-23,NA,NA,NA
2013-04-24,NA,NA,NA
2013-04-25,NA,NA,NA
2013-04-26,NA,NA,NA
2013-04-29,NA,NA,NA
2013-04-30,NA,NA,NA
2013-05-01,NA,NA,NA
2013-05-02,NA,NA,NA
2013-05-03,NA,NA,NA
2013-05-06,NA,NA,NA
2013-05-07,NA,NA,NA
2013-05-08,NA,NA,NA
2013-05-09,NA,NA,NA
2013-05-10,NA,NA,NA
2013-05-13,NA,NA,NA
2013-05-14,NA,NA,NA
2013-05-15,NA,NA,NA
2013-05-16,NA,NA,NA
2013-05-17,NA,NA,NA
2013-05-20,NA,NA,NA
2013-05-21,NA,NA,NA
2013-05-22,NA,NA,NA
2013-05-23,NA,NA,NA
2013-05-24,NA,NA,NA
2013-05-27,NA,NA,NA
2013-05-28,NA,NA,NA
2013-05-29,NA,NA,NA
2013-05-30,NA,NA,NA
2013-05-31,NA,NA,NA
2013-06-03,NA,NA,NA
2013-06-04,NA,NA,NA
2013-06-05,NA,NA,NA
2013-06-06,NA,NA,NA
2013-06-07,NA,NA,NA
2013-06-10,NA,NA,NA
2013-06-11,NA,NA,NA
2013-06-12,NA,NA,NA
2013-06-13,NA,NA,NA
2013-06-14,NA,NA,NA
2013-06-17,NA,NA,NA
2013-06-18,NA,NA,NA
2013-06-19,NA,NA,NA
2013-06-20,NA,NA,NA
2013-06-21,NA,NA,NA
2013-06-24,NA,NA,NA
2013-06-25,NA,NA,NA
2013-06-26,NA,NA,NA
2013-06-27,NA,NA,NA
2013-06-28,NA,NA,NA
2013-07-01,NA,NA,NA
2013-07-02,NA,NA,NA
2013-07-03,NA,NA,NA
2013-07-04,NA,NA,NA
2013-07-05,NA,NA,NA
2013-07-08,NA,NA,NA
2013-07-09,NA,NA,NA
2013-07-10,NA,NA,NA
2013-07-11,NA,NA,NA
2013-07-12,NA,NA,NA
2013-07-15,NA,NA,NA
2013-07-16,NA,NA,NA
2013-07-17,NA,NA,NA
2013-07-18,NA,NA,NA
2013-07-19,NA,NA,NA
2013-07-22,NA,NA,NA
2013-07-23,NA,NA,NA
2013-07-24,NA,NA,NA
2013-07-25,NA,NA,NA
2013-07-26,NA,NA,NA
2013-07-29,NA,NA,NA
2013-07-30,NA,NA,NA
2013-07-31,NA,NA,NA
2013-08-01,NA,NA,NA
2013-08-02,NA,NA,NA
2013-08-05,NA,NA,NA
2013-08-06,NA,NA,NA
2013-08-07,NA,NA,NA
2013-08-08,NA,NA,NA
2013-08-09,NA,NA,NA
2013-08-12,NA,NA,NA
2013-08-13,NA,NA,NA
2013-08-14,NA,NA,NA
2013-08-15,NA,NA,NA
2013-08-16,NA,NA,NA
2013-08-19,NA,NA,NA
2013-08-20,NA,NA,NA
2013-08-21,NA,NA,NA
2013-08-22,NA,NA,NA
2013-08-23,NA,NA,NA
2013-08-26,NA,NA,NA
2013-08-27,NA,NA,NA
2013-08-28,NA,NA,NA
2013-08-29,NA,NA,NA
2013-08-30,NA,NA,NA
2013-09-02,NA,NA,NA
2013-09-03,NA,NA,NA
2013-09-04,NA,NA,NA
2013-09-05,NA,NA,NA
2013-09-06,NA,NA,NA
2013-09-09,NA,NA,NA
2013-09-10,NA,NA,NA
2013-09-11,NA,NA,NA
2013-09-12,NA,NA,NA
2013-09-13,NA,NA,NA
2013-09-16,NA,NA,NA
2013-09-17,NA,NA,NA
2013-09-18,NA,NA,NA
2013-09-19,NA,NA,NA
2013-09-20,NA,NA,NA
2013-09-23,NA,NA,NA
2013-09-24,NA,NA,NA
2013-09-25,NA,NA,NA
2013-09-26,NA,NA,NA
2013-09-27,NA,NA,NA
2013-09-30,NA,NA,NA
2013-10-01,NA,NA,NA
2013-10-02,NA,NA,NA
2013-10-03,NA,NA,NA
2013-10-04,NA,NA,NA
2013-10-07,NA,NA,NA
2013-10-08,NA,NA,NA
2013-10-09,NA,NA,NA
2013-10-10,NA,NA,NA
2013-10-11,NA,NA,NA
2013-10-14,NA,NA,NA
2013-10-15,NA,NA,NA
2013-10-16,NA,NA,NA
2013-10-17,NA,NA,NA
2013-10-18,NA,NA,NA
2013-10-21,NA,NA,NA
2013-10-22,NA,NA,NA
2013-10-23,NA,NA,NA
2013-10-24,NA,NA,NA
2013-10-25,NA,NA,NA
2013-10-28,NA,NA,NA
2013-10-29,NA,NA,NA
2013-10-30,NA,NA,NA
2013-10-31,NA,NA,NA
2013-11-01,NA,NA,NA
2013-11-04,NA,NA,NA
2013-11-05,NA,NA,NA
2013-11-06,NA,NA,NA
2013-11-07,NA,NA,NA
2013-11-08,NA,NA,NA
2013-11-11,NA,NA,NA
2013-11-12,NA,NA,NA
2013-11-13,NA,NA,NA
2013-11-14,NA,NA,NA
2013-11-15,NA,NA,NA
2013-11-18,NA,NA,NA
2013-11-19,NA,NA,NA
2013-11-20,NA,NA,NA
2013-11-21,NA,NA,NA
2013-11-22,NA,NA,NA
2013-11-25,NA,NA,NA
2013-11-26,NA,NA,NA
2013-11-27,NA,NA,NA
2013-11-28,NA,NA,NA
2013-11-29,NA,NA,NA
2013-12-02,NA,NA,NA
2013-12-03,NA,NA,NA
2013-12-04,NA,NA,NA
2013-12-05,NA,NA,NA
2013-12-06,NA,NA,NA
2013-12-09,NA,NA,NA
2013-12-10,NA,NA,NA
2013-12-11,NA,NA,NA
2013-12-12,NA,NA,NA
2013-12-13,NA,NA,NA
2013-12-16,NA,NA,NA
2013-12-17,NA,NA,NA
2013-12-18,NA,NA,NA
2013-12-19,NA,NA,NA
2013-12-20,NA,NA,NA
2013-12-23,NA,NA,NA
2013-12-24,NA,NA,NA
2013-12-25,NA,NA,NA
2013-12-26,NA,NA,NA
2013-12-27,NA,NA,NA
2013-12-30,NA,NA,NA
2013-12-31,NA,NA,NA
2014-01-01,NA,NA,NA
2014-01-02,NA,NA,NA
2014-01-03,NA,NA,NA
2014-01-06,NA,NA,NA
2014-01-07,NA,NA,NA
2014-01-08,NA,NA,NA
2014-01-09,NA,NA,NA
2014-01-10,NA,NA,NA
2014-01-13,NA,NA,NA
2014-01-14,NA,NA,NA
2014-01-15,NA,NA,NA
2014-01-16,NA,NA,NA
2014-01-17,NA,NA,NA
2014-01-20,NA,NA,NA
2014-01-21,NA,NA,NA
2014-01-22,NA,NA,NA
2014-01-23,NA,NA,NA
2014-01-24,NA,NA,NA
2014-01-27,NA,NA,NA
2014-01-28,NA,NA,NA
2014-01-29,NA,NA,NA
2014-01-30,NA,NA,NA
2014-01-31,NA,NA,NA
2014-02-03,NA,NA,NA
2014-02-04,NA,NA,NA
2014-02-05,NA,NA,NA
2014-02-06,NA,NA,NA
2014-02-07,NA,NA,NA
2014-02-10,NA,NA,NA
2014-02-11,NA,NA,NA
2014-02-12,NA,NA,NA
2014-02-13,NA,NA,NA
2014-02-14,NA,NA,NA
2014-02-17,NA,NA,NA
2014-02-18,NA,NA,NA
2014-02-19,NA,NA,NA
2014-02-20,NA,NA,NA
2014-02-21,NA,NA,NA
2014-02-24,NA,NA,NA
2014-02-25,NA,NA,NA
2014-02-26,NA,NA,NA
2014-02-27,NA,NA,NA
2014-02-28,NA,NA,NA
2014-03-03,NA,NA,NA
2014-03-04,NA,NA,NA
2014-03-05,NA,NA,NA
2014-03-06,NA,NA,NA
2014-03-07,NA,NA,NA
2014-03-10,NA,NA,NA
2014-03-11,NA,NA,NA
2014-03-12,NA,NA,NA
2014-03-13,NA,NA,NA
2014-03-14,NA,NA,NA
2014-03-17,NA,NA,NA
2014-03-18,NA,NA,NA
2014-03-19,NA,NA,NA
2014-03-20,NA,NA,NA
2014-03-21,NA,NA,NA
2014-03-24,NA,NA,NA
2014-03-25,NA,NA,NA
2014-03-26,NA,NA,NA
2014-03-27,NA,NA,NA
2014-03-28,NA,NA,NA
2014-03-31,NA,NA,NA
2014-04-01,NA,NA,NA
2014-04-02,NA,NA,NA
2014-04-03,NA,NA,NA
2014-04-04,NA,NA,NA
2014-04-07,NA,NA,NA
2014-04-08,NA,NA,NA
2014-04-09,NA,NA,NA
2014-04-10,NA,NA,NA
2014-04-11,NA,NA,NA
2014-04-14,NA,NA,NA
2014-04-15,NA,NA,NA
2014-04-16,NA,NA,NA
2014-04-17,NA,NA,NA
2014-04-18,NA,NA,NA
2014-04-21,NA,NA,NA
2014-04-22,NA,NA,NA
2014-04-23,NA,NA,NA
2014-04-24,NA,NA,NA
2014-04-25,NA,NA,NA
2014-04-28,NA,NA,NA
2014-04-29,NA,NA,NA
2014-04-30,NA,NA,NA
2014-05-01,NA,NA,NA
2014-05-02,NA,NA,NA
2014-05-05,NA,NA,NA
2014-05-06,NA,NA,NA
2014-05-07,NA,NA,NA
2014-05-08,NA,NA,NA
2014-05-09,NA,NA,NA
2014-05-12,NA,NA,NA
2014-05-13,NA,NA,NA
2014-05-14,NA,NA,NA
2014-05-15,NA,NA,NA
2014-05-16,NA,NA,NA
2014-05-19,NA,NA,NA
2014-05-20,NA,NA,NA
2014-05-21,NA,NA,NA
2014-05-22,NA,NA,NA
2014-05-23,NA,NA,NA
2014-05-26,NA,NA,NA
2014-05-27,NA,NA,NA
2014-05-28,NA,NA,NA
2014-05-29,NA,NA,NA
2014-05-30,NA,NA,NA
2014-06-02,NA,NA,NA
2014-06-03,NA,NA,NA
2014-06-04,NA,NA,NA
2014-06-05,NA,NA,NA
2014-06-06,NA,NA,NA
2014-06-09,NA,NA,NA
2014-06-10,NA,NA,NA
2014-06-11,NA,NA,NA
2014-06-12,NA,NA,NA
2014-06-13,NA,NA,NA
2014-06-16,NA,NA,NA
2014-06-17,NA,NA,NA
2014-06-18,NA,NA,NA
2014-06-19,NA,NA,NA
2014-06-20,NA,NA,NA
2014-06-23,NA,NA,NA
2014-06-24,NA,NA,NA
2014-06-25,NA,NA,NA
2014-06-26,NA,NA,NA
2014-06-27,NA,NA,NA
2014-06-30,NA,NA,NA
2014-07-01,NA,NA,NA
2014-07-02,NA,NA,NA
2014-07-03,NA,NA,NA
2014-07-04,NA,NA,NA
2014-07-07,NA,NA,NA
2014-07-08,NA,NA,NA
2014-07-09,NA,NA,NA
2014-07-10,NA,NA,NA
2014-07-11,NA,NA,NA
2014-07-14,NA,NA,NA
2014-07-15,NA,NA,NA
2014-07-16,NA,NA,NA
2014-07-17,NA,NA,NA
2014-07-18,NA,NA,NA
2014-07-21,NA,NA,NA
2014-07-22,NA,NA,NA
2014-07-23,NA,NA,NA
2014-07-24,NA,NA,NA
2014-07-25,NA,NA,NA
2014-07-28,NA,NA,NA
2014-07-29,NA,NA,NA
2014-07-30,NA,NA,NA
2014-07-31,NA,NA,NA
2014-08-01,NA,NA,NA
2014-08-04,NA,NA,NA
2014-08-05,NA,NA,NA
2014-08-06,NA,NA,NA
2014-08-07,NA,NA,NA
2014-08-08,NA,NA,NA
2014-08-11,NA,NA,NA
2014-08-12,NA,NA,NA
2014-08-13,NA,NA,NA
2014-08-14,NA,NA,NA
2014-08-15,NA,NA,NA
2014-08-18,NA,NA,NA
2014-08-19,NA,NA,NA
2014-08-20,NA,NA,NA
2014-08-21,NA,NA,NA
2014-08-22,NA,NA,NA
2014-08-25,NA,NA,NA
2014-08-26,NA,NA,NA
2014-08-27,NA,NA,NA
2014-08-28,NA,NA,NA
2014-08-29,NA,NA,NA
2014-09-01,NA,NA,NA
2014-09-02,NA,NA,NA
2014-09-03,NA,NA,NA
2014-09-04,NA,NA,NA
2014-09-05,NA,NA,NA
2014-09-08,NA,NA,NA
2014-09-09,NA,NA,NA
2014-09-10,NA,NA,NA
2014-09-11,NA,NA,NA
2014-09-12,NA,NA,NA
2014-09-15,NA,NA,NA
2014-09-16,NA,NA,NA
2014-09-17,NA,NA,NA
2014-09-18,NA,NA,NA
2014-09-19,NA,NA,NA
2014-09-22,NA,NA,NA
2014-09-23,NA,NA,NA
2014-09-24,NA,NA,NA
2014-09-25,NA,NA,NA
2014-09-26,NA,NA,NA
2014-09-29,NA,NA,NA
2014-09-30,NA,NA,NA
2014-10-01,NA,NA,NA
2014-10-02,NA,NA,NA
2014-10-03,NA,NA,NA
2014-10-06,NA,NA,NA
2014-10-07,NA,NA,NA
2014-10-08,NA,NA,NA
2014-10-09,NA,NA,NA
2014-10-10,NA,NA,NA
2014-10-13,NA,NA,NA
2014-10-14,NA,NA,NA
2014-10-15,NA,NA,NA
2014-10-16,NA,NA,NA
2014-10-17,NA,NA,NA
2014-10-20,NA,NA,NA
2014-10-21,NA,NA,NA
2014-10-22,NA,NA,NA
2014-10-23,NA,NA,NA
2014-10-24,NA,NA,NA
2014-10-27,NA,NA,NA
2014-10-28,NA,NA,NA
2014-10-29,NA,NA,NA
2014-10-30,NA,NA,NA
2014-10-31,NA,NA,NA
2014-11-03,NA,NA,NA
2014-11-04,NA,NA,NA
2014-11-05,NA,NA,NA
2014-11-06,NA,NA,NA
2014-11-07,NA,NA,NA
2014-11-10,NA,NA,NA
2014-11-11,NA,NA,NA
2014-11-12,NA,NA,NA
2014-11-13,NA,NA,NA
2014-11-14,NA,NA,NA
2014-11-17,NA,NA,NA
2014-11-18,NA,NA,NA
2014-11-19,NA,NA,NA
2014-11-20,NA,NA,NA
2014-11-21,NA,NA,NA
2014-11-24,NA,NA,NA
2014-11-25,NA,NA,NA
2014-11-26,NA,NA,NA
2014-11-27,NA,NA,NA
2014-11-28,NA,NA,NA
2014-12-01,NA,NA,NA
2014-12-02,NA,NA,NA
2014-12-03,NA,NA,NA
2014-12-04,NA,NA,NA
2014-12-05,NA,NA,NA
2014-12-08,NA,NA,NA
2014-12-09,NA,NA,NA
2014-12-10,NA,NA,NA
2014-12-11,NA,NA,NA
2014-12-12,NA,NA,NA
2014-12-15,NA,NA,NA
2014-12-16,NA,NA,NA
2014-12-17,NA,NA,NA
2014-12-18,NA,NA,NA
2014-12-19,NA,NA,NA
2014-12-22,NA,NA,NA
2014-12-23,NA,NA,NA
2014-12-24,NA,NA,NA
2014-12-25,NA,NA,NA
2014-12-26,NA,NA,NA
2014-12-29,NA,NA,NA
2014-12-30,NA,NA,NA
2014-12-31,NA,NA,NA
2015-01-01,NA,NA,NA
2015-01-02,NA,NA,NA
2015-01-05,NA,NA,NA
2015-01-06,NA,NA,NA
2015-01-07,NA,NA,NA
2015-01-08,NA,NA,NA
2015-01-09,NA,NA,NA
2015-01-12,NA,NA,NA
2015-01-13,NA,NA,NA
2015-01-14,NA,NA,NA
2015-01-15,NA,NA,NA
2015-01-16,NA,NA,NA
2015-01-19,NA,NA,NA
2015-01-20,NA,NA,NA
2015-01-21,NA,NA,NA
2015-01-22,NA,NA,NA
2015-01-23,NA,NA,NA
2015-01-26,NA,NA,NA
2015-01-27,NA,NA,NA
2015-01-28,NA,NA,NA
2015-01-29,NA,NA,NA
2015-01-30,NA,NA,NA
2015-02-02,NA,NA,NA
2015-02-03,NA,NA,NA
2015-02-04,NA,NA,NA
2015-02-05,NA,NA,NA
2015-02-06,NA,NA,NA
2015-02-09,NA,NA,NA
2015-02-10,NA,NA,NA
2015-02-11,NA,NA,NA
2015-02-12,NA,NA,NA
2015-02-13,NA,NA,NA
2015-02-16,NA,NA,NA
2015-02-17,NA,NA,NA
2015-02-18,NA,NA,NA
2015-02-19,NA,NA,NA
2015-02-20,NA,NA,NA
2015-02-23,NA,NA,NA
2015-02-24,NA,NA,NA
2015-02-25,NA,NA,NA
2015-02-26,NA,NA,NA
2015-02-27,NA,NA,NA
2015-03-02,NA,NA,NA
2015-03-03,NA,NA,NA
2015-03-04,NA,NA,NA
2015-03-05,NA,NA,NA
2015-03-06,NA,NA,NA
2015-03-09,NA,NA,NA
2015-03-10,NA,NA,NA
2015-03-11,NA,NA,NA
2015-03-12,NA,NA,NA
2015-03-13,NA,NA,NA
2015-03-16,NA,NA,NA
2015-03-17,NA,NA,NA
2015-03-18,NA,NA,NA
2015-03-19,NA,NA,NA
2015-03-20,NA,NA,NA
2015-03-23,NA,NA,NA
2015-03-24,NA,NA,NA
2015-03-25,NA,NA,NA
2015-03-26,NA,NA,NA
2015-03-27,NA,NA,NA
2015-03-30,NA,NA,NA
2015-03-31,NA,NA,NA
2015-04-01,NA,NA,NA
2015-04-02,NA,NA,NA
2015-04-03,NA,NA,NA
2015-04-06,NA,NA,NA
2015-04-07,NA,NA,NA
2015-04-08,NA,NA,NA
2015-04-09,NA,NA,NA
2015-04-10,NA,NA,NA
2015-04-13,NA,NA,NA
2015-04-14,NA,NA,NA
2015-04-15,NA,NA,NA
2015-04-16,NA,NA,NA
2015-04-17,NA,NA,NA
2015-04-20,NA,NA,NA
2015-04-21,NA,NA,NA
2015-04-22,NA,NA,NA
2015-04-23,NA,NA,NA
2015-04-24,NA,NA,NA
2015-04-27,NA,NA,NA
2015-04-28,NA,NA,NA
2015-04-29,NA,NA,NA
2015-04-30,NA,NA,NA
2015-05-01,NA,NA,NA
2015-05-04,NA,NA,NA
2015-05-05,NA,NA,NA
2015-05-06,NA,NA,NA
2015-05-07,NA,NA,NA
2015-05-08,NA,NA,NA
2015-05-11,NA,NA,NA
2015-05-12,NA,NA,NA
2015-05-13,NA,NA,NA
2015-05-14,NA,NA,NA
2015-05-15,NA,NA,NA
2015-05-18,NA,NA,NA
2015-05-19,NA,NA,NA
2015-05-20,NA,NA,NA
2015-05-21,NA,NA,NA
2015-05-22,NA,NA,NA
2015-05-25,NA,NA,NA
2015-05-26,NA,NA,NA
2015-05-27,NA,NA,NA
2015-05-28,NA,NA,NA
2015-05-29,NA,NA,NA
2015-06-01,NA,NA,NA
2015-06-02,NA,NA,NA
2015-06-03,NA,NA,NA
2015-06-04,NA,NA,NA
2015-06-05,NA,NA,NA
2015-06-08,NA,NA,NA
2015-06-09,NA,NA,NA
2015-06-10,NA,NA,NA
2015-06-11,NA,NA,NA
2015-06-12,NA,NA,NA
2015-06-15,NA,NA,NA
2015-06-16,NA,NA,NA
2015-06-17,NA,NA,NA
2015-06-18,NA,NA,NA
2015-06-19,NA,NA,NA
2015-06-22,NA,NA,NA
2015-06-23,NA,NA,NA
2015-06-24,NA,NA,NA
2015-06-25,NA,NA,NA
2015-06-26,NA,NA,NA
2015-06-29,NA,NA,NA
2015-06-30,NA,NA,NA
2015-07-01,NA,NA,NA
2015-07-02,NA,NA,NA
2015-07-03,NA,NA,NA
2015-07-06,NA,NA,NA
2015-07-07,NA,NA,NA
2015-07-08,NA,NA,NA
2015-07-09,NA,NA,NA
2015-07-10,NA,NA,NA
2015-07-13,NA,NA,NA
2015-07-14,NA,NA,NA
2015-07-15,NA,NA,NA
2015-07-16,NA,NA,NA
2015-07-17,NA,NA,NA
2015-07-20,NA,NA,NA
2015-07-21,NA,NA,NA
2015-07-22,NA,NA,NA
2015-07-23,NA,NA,NA
2015-07-24,NA,NA,NA
2015-07-27,NA,NA,NA
2015-07-28,NA,NA,NA
2015-07-29,NA,NA,NA
2015-07-30,NA,NA,NA
2015-07-31,NA,NA,NA
2015-08-03,NA,NA,NA
2015-08-04,NA,NA,NA
2015-08-05,NA,NA,NA
2015-08-06,NA,NA,NA
2015-08-07,NA,NA,NA
2015-08-10,NA,NA,NA
2015-08-11,NA,NA,NA
2015-08-12,NA,NA,NA
2015-08-13,NA,NA,NA
2015-08-14,NA,NA,NA
2015-08-17,NA,NA,NA
2015-08-18,NA,NA,NA
2015-08-19,NA,NA,NA
2015-08-20,NA,NA,NA
2015-08-21,NA,NA,NA
2015-08-24,NA,NA,NA
2015-08-25,NA,NA,NA
2015-08-26,NA,NA,NA
2015-08-27,NA,NA,NA
2015-08-28,NA,NA,NA
2015-08-31,NA,NA,NA
2015-09-01,NA,NA,NA
2015-09-02,NA,NA,NA
2015-09-03,NA,NA,NA
2015-09-04,NA,NA,NA
2015-09-07,NA,NA,NA
2015-09-08,NA,NA,NA
2015-09-09,NA,NA,NA
2015-09-10,NA,NA,NA
2015-09-11,NA,NA,NA
2015-09-14,NA,NA,NA
2015-09-15,NA,NA,NA
2015-09-16,NA,NA,NA
2015-09-17,NA,NA,NA
2015-09-18,NA,NA,NA
2015-09-21,NA,NA,NA
2015-09-22,NA,NA,NA
2015-09-23,NA,NA,NA
2015-09-24,NA,NA,NA
2015-09-25,NA,NA,NA
2015-09-28,NA,NA,NA
2015-09-29,NA,NA,NA
2015-09-30,NA,NA,NA
2015-10-01,NA,NA,NA
2015-10-02,NA,NA,NA
2015-10-05,NA,NA,NA
2015-10-06,NA,NA,NA
2015-10-07,NA,NA,NA
2015-10-08,NA,NA,NA
2015-10-09,NA,NA,NA
2015-10-12,NA,NA,NA
2015-10-13,NA,NA,NA
2015-10-14,NA,NA,NA
2015-10-15,NA,NA,NA
2015-10-16,NA,NA,NA
2015-10-19,NA,NA,NA
2015-10-20,NA,NA,NA
2015-10-21,NA,NA,NA
2015-10-22,NA,NA,NA
2015-10-23,NA,NA,NA
2015-10-26,NA,NA,NA
2015-10-27,NA,NA,NA
2015-10-28,NA,NA,NA
2015-10-29,NA,NA,NA
2015-10-30,NA,NA,NA
2015-11-02,NA,NA,NA
2015-11-03,NA,NA,NA
2015-11-04,NA,NA,NA
2015-11-05,NA,NA,NA
2015-11-06,NA,NA,NA
2015-11-09,NA,NA,NA
2015-11-10,NA,NA,NA
2015-11-11,NA,NA,NA
2015-11-12,NA,NA,NA
2015-11-13,NA,NA,NA
2015-11-16,NA,NA,NA
2015-11-17,NA,NA,NA
2015-11-18,NA,NA,NA
2015-11-19,NA,NA,NA
2015-11-20,NA,NA,NA
2015-11-23,NA,NA,NA
2015-11-24,NA,NA,NA
2015-11-25,NA,NA,NA
2015-11-26,NA,NA,NA
2015-11-27,NA,NA,NA
2015-11-30,NA,NA,NA
2015-12-01,NA,NA,NA
2015-12-02,NA,NA,NA
2015-12-03,NA,NA,NA
2015-12-04,NA,NA,NA
2015-12-07,NA,NA,NA
2015-12-08,NA,NA,NA
2015-12-09,NA,NA,NA
2015-12-10,NA,NA,NA
2015-12-11,NA,NA,NA
2015-12-14,NA,NA,NA
2015-12-15,NA,NA,NA
2015-12-16,NA,NA,NA
2015-12-17,NA,NA,NA
2015-12-18,NA,NA,NA
2015-12-21,NA,NA,NA
2015-12-22,NA,NA,NA
2015-12-23,NA,NA,NA
2015-12-24,NA,NA,NA
2015-12-25,NA,NA,NA
2015-12-28,NA,NA,NA
2015-12-29,NA,NA,NA
2015-12-30,NA,NA,NA
2015-12-31,NA,NA,NA
2016-01-01,NA,NA,NA
2016-01-04,NA,NA,NA
2016-01-05,NA,NA,NA
2016-01-06,NA,NA,NA
2016-01-07,NA,NA,NA
2016-01-08,NA,NA,NA
2016-01-11,NA,NA,NA
2016-01-12,NA,NA,NA
2016-01-13,NA,NA,NA
2016-01-14,NA,NA,NA
2016-01-15,NA,NA,NA
2016-01-18,NA,NA,NA
2016-01-19,NA,NA,NA
2016-01-20,NA,NA,NA
2016-01-21,NA,NA,NA
2016-01-22,NA,NA,NA
2016-01-25,NA,NA,NA
2016-01-26,NA,NA,NA
2016-01-27,NA,NA,NA
2016-01-28,NA,NA,NA
2016-01-29,NA,NA,NA
2016-02-01,NA,NA,NA
2016-02-02,NA,NA,NA
2016-02-03,NA,NA,NA
2016-02-04,NA,NA,NA
2016-02-05,NA,NA,NA
2016-02-08,NA,NA,NA
2016-02-09,NA,NA,NA
2016-02-10,NA,NA,NA
2016-02-11,NA,NA,NA
2016-02-12,NA,NA,NA
2016-02-15,NA,NA,NA
2016-02-16,NA,NA,NA
2016-02-17,NA,NA,NA
2016-02-18,NA,NA,NA
2016-02-19,NA,NA,NA
2016-02-22,NA,NA,NA
2016-02-23,NA,NA,NA
2016-02-24,NA,NA,NA
2016-02-25,NA,NA,NA
2016-02-26,NA,NA,NA
2016-02-29,NA,NA,NA
2016-03-01,NA,NA,NA
2016-03-02,NA,NA,NA
2016-03-03,NA,NA,NA
2016-03-04,NA,NA,NA
2016-03-07,NA,NA,NA
2016-03-08,NA,NA,NA
2016-03-09,NA,NA,NA
2016-03-10,NA,NA,NA
2016-03-11,NA,NA,NA
2016-03-14,NA,NA,NA
2016-03-15,NA,NA,NA
2016-03-16,NA,NA,NA
2016-03-17,NA,NA,NA
2016-03-18,NA,NA,NA
2016-03-21,NA,NA,NA
2016-03-22,NA,NA,NA
2016-03-23,NA,NA,NA
2016-03-24,NA,NA,NA
2016-03-25,NA,NA,NA
2016-03-28,NA,NA,NA
2016-03-29,NA,NA,NA
2016-03-30,NA,NA,NA
2016-03-31,NA,NA,NA
2016-04-01,NA,NA,NA
2016-04-04,NA,NA,NA
2016-04-05,NA,NA,NA
2016-04-06,NA,NA,NA
2016-04-07,NA,NA,NA
2016-04-08,NA,NA,NA
2016-04-11,NA,NA,NA
2016-04-12,NA,NA,NA
2016-04-13,NA,NA,NA
2016-04-14,NA,NA,NA
2016-04-15,NA,NA,NA
2016-04-18,NA,NA,NA
2016-04-19,NA,NA,NA
2016-04-20,NA,NA,NA
2016-04-21,NA,NA,NA
2016-04-22,NA,NA,NA
2016-04-25,NA,NA,NA
2016-04-26,NA,NA,NA
2016-04-27,NA,NA,NA
2016-04-28,NA,NA,NA
2016-04-29,NA,NA,NA
2016-05-02,NA,NA,NA
2016-05-03,NA,NA,NA
2016-05-04,NA,NA,NA
2016-05-05,NA,NA,NA
2016-05-06,NA,NA,NA
2016-05-09,NA,NA,NA
2016-05-10,NA,NA,NA
2016-05-11,NA,NA,NA
2016-05-12,NA,NA,NA
2016-05-13,NA,NA,NA
2016-05-16,NA,NA,NA
2016-05-17,NA,NA,NA
2016-05-18,NA,NA,NA
2016-05-19,NA,NA,NA
2016-05-20,NA,NA,NA
2016-05-23,NA,NA,NA
2016-05-24,NA,NA,NA
2016-05-25,NA,NA,NA
2016-05-26,NA,NA,NA
2016-05-27,NA,NA,NA
2016-05-30,NA,NA,NA
2016-05-31,NA,NA,NA
2016-06-01,NA,NA,NA
2016-06-02,NA,NA,NA
2016-06-03,NA,NA,NA
2016-06-06,NA,NA,NA
2016-06-07,NA,NA,NA
2016-06-08,NA,NA,NA
2016-06-09,NA,NA,NA
2016-06-10,NA,NA,NA
2016-06-13,NA,NA,NA
2016-06-14,NA,NA,NA
2016-06-15,NA,NA,NA
2016-06-16,NA,NA,NA
2016-06-17,NA,NA,NA
2016-06-20,NA,NA,NA
2016-06-21,NA,NA,NA
2016-06-22,NA,NA,NA
2016-06-23,NA,NA,NA
2016-06-24,NA,NA,NA
2016-06-27,NA,NA,NA
2016-06-28,NA,NA,NA
2016-06-29,NA,NA,NA
2016-06-30,NA,NA,NA
2016-07-01,NA,NA,NA
2016-07-04,NA,NA,NA
2016-07-05,NA,NA,NA
2016-07-06,NA,NA,NA
2016-07-07,NA,NA,NA
2016-07-08,NA,NA,NA
2016-07-11,NA,NA,NA
2016-07-12,NA,NA,NA
2016-07-13,NA,NA,NA
2016-07-14,NA,NA,NA
2016-07-15,NA,NA,NA
2016-07-18,NA,NA,NA
2016-07-19,NA,NA,NA
2016-07-20,NA,NA,NA
2016-07-21,NA,NA,NA
2016-07-22,NA,NA,NA
2016-07-25,NA,NA,NA
2016-07-26,NA,NA,NA
2016-07-27,NA,NA,NA
2016-07-28,NA,NA,NA
2016-07-29,NA,NA,NA
2016-08-01,NA,NA,NA
2016-08-02,NA,NA,NA
2016-08-03,NA,NA,NA
2016-08-04,NA,NA,NA
2016-08-05,NA,NA,NA
2016-08-08,NA,NA,NA
2016-08-09,NA,NA,NA
2016-08-10,NA,NA,NA
2016-08-11,NA,NA,NA
2016-08-12,NA,NA,NA
2016-08-15,NA,NA,NA
2016-08-16,NA,NA,NA
2016-08-17,NA,NA,NA
2016-08-18,NA,NA,NA
2016-08-19,NA,NA,NA
2016-08-22,NA,NA,NA
2016-08-23,NA,NA,NA
2016-08-24,NA,NA,NA
2016-08-25,NA,NA,NA
2016-08-26,NA,NA,NA
2016-08-29,NA,NA,NA
2016-08-30,NA,NA,NA
2016-08-31,NA,NA,NA
2016-09-01,NA,NA,NA
2016-09-02,NA,NA,NA
2016-09-05,NA,NA,NA
2016-09-06,NA,NA,NA
2016-09-07,NA,NA,NA
2016-09-08,NA,NA,NA
2016-09-09,NA,NA,NA
2016-09-12,NA,NA,NA
2016-09-13,NA,NA,NA
2016-09-14,NA,NA,NA
2016-09-15,NA,NA,NA
2016-09-16,NA,NA,NA
2016-09-19,NA,NA,NA
2016-09-20,NA,NA,NA
2016-09-21,NA,NA,NA
2016-09-22,NA,NA,NA
2016-09-23,NA,NA,NA
2016-09-26,NA,NA,NA
2016-09-27,NA,NA,NA
2016-09-28,NA,NA,NA
2016-09-29,NA,NA,NA
2016-09-30,NA,NA,NA
2016-10-03,NA,NA,NA
2016-10-04,NA,NA,NA
2016-10-05,NA,NA,NA
2016-10-06,NA,NA,NA
2016-10-07,NA,NA,NA
2016-10-10,NA,NA,NA
2016-10-11,NA,NA,NA
2016-10-12,NA,NA,NA
2016-10-13,NA,NA,NA
2016-10-14,NA,NA,NA
2016-10-17,NA,NA,NA
2016-10-18,NA,NA,NA
2016-10-19,NA,NA,NA
2016-10-20,NA,NA,NA
2016-10-21,NA,NA,NA
2016-10-24,NA,NA,NA
2016-10-25,NA,NA,NA
2016-10-26,NA,NA,NA
2016-10-27,NA,NA,NA
2016-10-28,NA,NA,NA
2016-10-31,NA,NA,NA
2016-11-01,NA,NA,NA
2016-11-02,NA,NA,NA
2016-11-03,NA,NA,NA
2016-11-04,NA,NA,NA
2016-11-07,NA,NA,NA
2016-11-08,NA,NA,NA
2016-11-09,NA,NA,NA
2016-11-10,NA,NA,NA
2016-11-11,NA,NA,NA
2016-11-14,NA,NA,NA
2016-11-15,NA,NA,NA
2016-11-16,NA,NA,NA
2016-11-17,NA,NA,NA
2016-11-18,NA,NA,NA
2016-11-21,NA,NA,NA
2016-11-22,NA,NA,NA
2016-11-23,NA,NA,NA
2016-11-24,NA,NA,NA
2016-11-25,NA,NA,NA
2016-11-28,NA,NA,NA
2016-11-29,NA,NA,NA
2016-11-30,NA,NA,NA
2016-12-01,NA,NA,NA
2016-12-02,NA,NA,NA
2016-12-05,NA,NA,NA
2016-12-06,NA,NA,NA
2016-12-07,NA,NA,NA
2016-12-08,NA,NA,NA
2016-12-09,NA,NA,NA
2016-12-12,NA,NA,NA
2016-12-13,NA,NA,NA
2016-12-14,NA,NA,NA
2016-12-15,NA,NA,NA
2016-12-16,NA,NA,NA
2016-12-19,NA,NA,NA
2016-12-20,NA,NA,NA
2016-12-21,NA,NA,NA
2016-12-22,NA,NA,NA
2016-12-23,NA,NA,NA
2016-12-26,NA,NA,NA
2016-12-27,NA,NA,NA
2016-12-28,NA,NA,NA
2016-12-29,NA,NA,NA
2016-12-30,NA,NA,NA
2017-01-02,NA,NA,NA
2017-01-03,NA,NA,NA
2017-01-04,NA,NA,NA
2017-01-05,NA,NA,NA
2017-01-06,NA,NA,NA
2017-01-09,NA,NA,NA
2017-01-10,NA,NA,NA
2017-01-11,NA,NA,NA
2017-01-12,NA,NA,NA
2017-01-13,NA,NA,NA
2017-01-16,NA,NA,NA
2017-01-17,NA,NA,NA
2017-01-18,NA,NA,NA
2017-01-19,NA,NA,NA
2017-01-20,NA,NA,NA
2017-01-23,NA,NA,NA
2017-01-24,NA,NA,NA
2017-01-25,NA,NA,NA
2017-01-26,NA,NA,NA
2017-01-27,NA,NA,NA
2017-01-30,NA,NA,NA
2017-01-31,NA,NA,NA
2017-02-01,NA,NA,NA
2017-02-02,NA,NA,NA
2017-02-03,NA,NA,NA
2017-02-06,NA,NA,NA
2017-02-07,NA,NA,NA
2017-02-08,NA,NA,NA
2017-02-09,NA,NA,NA
2017-02-10,NA,NA,NA
2017-02-13,NA,NA,NA
2017-02-14,NA,NA,NA
2017-02-15,NA,NA,NA
2017-02-16,NA,NA,NA
2017-02-17,NA,NA,NA
2017-02-20,NA,NA,NA
2017-02-21,NA,NA,NA
2017-02-22,NA,NA,NA
2017-02-23,NA,NA,NA
2017-02-24,NA,NA,NA
2017-02-27,NA,NA,NA
2017-02-28,NA,NA,NA
2017-03-01,NA,NA,NA
2017-03-02,NA,NA,NA
2017-03-03,NA,NA,NA
2017-03-06,NA,NA,NA
2017-03-07,NA,NA,NA
2017-03-08,NA,NA,NA
2017-03-09,NA,NA,NA
2017-03-10,NA,NA,NA
2017-03-13,NA,NA,NA
2017-03-14,NA,NA,NA
2017-03-15,NA,NA,NA
2017-03-16,NA,NA,NA
2017-03-17,NA,NA,NA
2017-03-20,NA,NA,NA
2017-03-21,NA,NA,NA
2017-03-22,NA,NA,NA
2017-03-23,NA,NA,NA
2017-03-24,NA,NA,NA
2017-03-27,NA,NA,NA
2017-03-28,NA,NA,NA
2017-03-29,NA,NA,NA
2017-03-30,NA,NA,NA
2017-03-31,NA,NA,NA
2017-04-03,NA,NA,NA
2017-04-04,NA,NA,NA
2017-04-05,NA,NA,NA
2017-04-06,NA,NA,NA
2017-04-07,NA,NA,NA
2017-04-10,NA,NA,NA
2017-04-11,NA,NA,NA
2017-04-12,NA,NA,NA
2017-04-13,NA,NA,NA
2017-04-14,NA,NA,NA
2017-04-17,NA,NA,NA
2017-04-18,NA,NA,NA
2017-04-19,NA,NA,NA
2017-04-20,NA,NA,NA
2017-04-21,NA,NA,NA
2017-04-24,NA,NA,NA
2017-04-25,NA,NA,NA
2017-04-26,NA,NA,NA
2017-04-27,NA,NA,NA
2017-04-28,NA,NA,NA
2017-05-01,NA,NA,NA
2017-05-02,NA,NA,NA
2017-05-03,NA,NA,NA
2017-05-04,NA,NA,NA
2017-05-05,NA,NA,NA
2017-05-08,NA,NA,NA
2017-05-09,NA,NA,NA
2017-05-10,NA,NA,NA
2017-05-11,NA,NA,NA
2017-05-12,NA,NA,NA
2017-05-15,NA,NA,NA
2017-05-16,NA,NA,NA
2017-05-17,NA,NA,NA
2017-05-18,NA,NA,NA
2017-05-19,NA,NA,NA
2017-05-22,NA,NA,NA
2017-05-23,NA,NA,NA
2017-05-24,NA,NA,NA
2017-05-25,NA,NA,NA
2017-05-26,NA,NA,NA
2017-05-29,NA,NA,NA
2017-05-30,NA,NA,NA
2017-05-31,NA,NA,NA
2017-06-01,NA,NA,NA
2017-06-02,NA,NA,NA
2017-06-05,NA,NA,NA
2017-06-06,NA,NA,NA
2017-06-07,NA,NA,NA
2017-06-08,NA,NA,NA
2017-06-09,NA,NA,NA
2017-06-12,NA,NA,NA
2017-06-13,NA,NA,NA
2017-06-14,NA,NA,NA
2017-06-15,NA,NA,NA
2017-06-16,NA,NA,NA
2017-06-19,NA,NA,NA
2017-06-20,NA,NA,NA
2017-06-21,NA,NA,NA
2017-06-22,NA,NA,NA
2017-06-23,NA,NA,NA
2017-06-26,NA,NA,NA
2017-06-27,NA,NA,NA
2017-06-28,NA,NA,NA
2017-06-29,NA,NA,NA
2017-06-30,NA,NA,NA
2017-07-03,NA,NA,NA
2017-07-04,NA,NA,NA
2017-07-05,NA,NA,NA
2017-07-06,NA,NA,NA
2017-07-07,NA,NA,NA
2017-07-10,NA,NA,NA
2017-07-11,NA,NA,NA
2017-07-12,NA,NA,NA
2017-07-13,NA,NA,NA
2017-07-14,NA,NA,NA
2017-07-17,NA,NA,NA
2017-07-18,NA,NA,NA
2017-07-19,NA,NA,NA
2017-07-20,NA,NA,NA
2017-07-21,NA,NA,NA
2017-07-24,NA,NA,NA
2017-07-25,NA,NA,NA
2017-07-26,NA,NA,NA
2017-07-27,NA,NA,NA
2017-07-28,NA,NA,NA
2017-07-31,NA,NA,NA
2017-08-01,NA,NA,NA
2017-08-02,NA,NA,NA
2017-08-03,NA,NA,NA
2017-08-04,NA,NA,NA
2017-08-07,NA,NA,NA
2017-08-08,NA,NA,NA
2017-08-09,NA,NA,NA
2017-08-10,NA,NA,NA
2017-08-11,NA,NA,NA
2017-08-14,NA,NA,NA
2017-08-15,NA,NA,NA
2017-08-16,NA,NA,NA
2017-08-17,NA,NA,NA
2017-08-18,NA,NA,NA
2017-08-21,NA,NA,NA
2017-08-22,NA,NA,NA
2017-08-23,NA,NA,NA
2017-08-24,NA,NA,NA
2017-08-25,NA,NA,NA
2017-08-28,NA,NA,NA
2017-08-29,NA,NA,NA
2017-08-30,NA,NA,NA
2017-08-31,NA,NA,NA
2017-09-01,NA,NA,NA
2017-09-04,NA,NA,NA
2017-09-05,NA,NA,NA
2017-09-06,NA,NA,NA
2017-09-07,NA,NA,NA
2017-09-08,NA,NA,NA
2017-09-11,NA,NA,NA
2017-09-12,NA,NA,NA
2017-09-13,NA,NA,NA
2017-09-14,NA,NA,NA
2017-09-15,NA,NA,NA
2017-09-18,NA,NA,NA
2017-09-19,NA,NA,NA
2017-09-20,NA,NA,NA
2017-09-21,NA,NA,NA
2017-09-22,NA,NA,NA
2017-09-25,NA,NA,NA
2017-09-26,NA,NA,NA
2017-09-27,NA,NA,NA
2017-09-28,NA,NA,NA
2017-09-29,NA,NA,NA
2017-10-02,NA,NA,NA
2017-10-03,NA,NA,NA
2017-10-04,NA,NA,NA
2017-10-05,NA,NA,NA
2017-10-06,NA,NA,NA
2017-10-09,NA,NA,NA
2017-10-10,NA,NA,NA
2017-10-11,NA,NA,NA
2017-10-12,NA,NA,NA
2017-10-13,NA,NA,NA
2017-10-16,NA,NA,NA
2017-10-17,NA,NA,NA
2017-10-18,NA,NA,NA
2017-10-19,NA,NA,NA
2017-10-20,NA,NA,NA
2017-10-23,NA,NA,NA
2017-10-24,NA,NA,NA
2017-10-25,NA,NA,NA
2017-10-26,NA,NA,NA
2017-10-27,NA,NA,NA
2017-10-30,NA,NA,NA
2017-10-31,NA,NA,NA
2017-11-01,NA,NA,NA
2017-11-02,NA,NA,NA
2017-11-03,NA,NA,NA
2017-11-06,NA,NA,NA
2017-11-07,NA,NA,NA
2017-11-08,NA,NA,NA
2017-11-09,NA,NA,NA
2017-11-10,NA,NA,NA
2017-11-13,NA,NA,NA
2017-11-14,NA,NA,NA
2017-11-15,NA,NA,NA
2017-11-16,NA,NA,NA
2017-11-17,NA,NA,NA
2017-11-20,NA,NA,NA
2017-11-21,NA,NA,NA
2017-11-22,NA,NA,NA
2017-11-23,NA,NA,NA
2017-11-24,NA,NA,NA
2017-11-27,NA,NA,NA
2017-11-28,NA,NA,NA
2017-11-29,NA,NA,NA
2017-11-30,NA,NA,NA
2017-12-01,NA,NA,NA
2017-12-04,NA,NA,NA
2017-12-05,NA,NA,NA
2017-12-06,NA,NA,NA
2017-12-07,NA,NA,NA
2017-12-08,NA,NA,NA
2017-12-11,NA,NA,NA
2017-12-12,NA,NA,NA
2017-12-13,NA,NA,NA
2017-12-14,NA,NA,NA
2017-12-15,NA,NA,NA
2017-12-18,NA,NA,NA
2017-12-19,NA,NA,NA
2017-12-20,NA,NA,NA
2017-12-21,NA,NA,NA
2017-12-22,NA,NA,NA
2017-12-25,NA,NA,NA
2017-12-26,NA,NA,NA
2017-12-27,NA,NA,NA
2017-12-28,NA,NA,NA
2017-12-29,NA,NA,NA
2018-01-01,NA,NA,NA
2018-01-02,NA,NA,NA
2018-01-03,NA,NA,NA
2018-01-04,NA,NA,NA
2018-01-05,NA,NA,NA
2018-01-08,NA,NA,NA
2018-01-09,NA,NA,NA
2018-01-10,NA,NA,NA
2018-01-11,NA,NA,NA
2018-01-12,NA,NA,NA
2018-01-15,NA,NA,NA
2018-01-16,NA,NA,NA
2018-01-17,NA,NA,NA
2018-01-18,NA,NA,NA
2018-01-19,NA,NA,NA
2018-01-22,NA,NA,NA
2018-01-23,NA,NA,NA
2018-01-24,NA,NA,NA
2018-01-25,NA,NA,NA
2018-01-26,NA,NA,NA
2018-01-29,NA,NA,NA
2018-01-30,NA,NA,NA
2018-01-31,NA,NA,NA
2018-02-01,NA,NA,NA
2018-02-02,NA,NA,NA
2018-02-05,NA,NA,NA
2018-02-06,NA,NA,NA
2018-02-07,NA,NA,NA
2018-02-08,NA,NA,NA
2018-02-09,NA,NA,NA
2018-02-12,NA,NA,NA
2018-02-13,NA,NA,NA
2018-02-14,NA,NA,NA
2018-02-15,NA,NA,NA
2018-02-16,NA,NA,NA
2018-02-19,NA,NA,NA
2018-02-20,NA,NA,NA
2018-02-21,NA,NA,NA
2018-02-22,NA,NA,NA
2018-02-23,NA,NA,NA
2018-02-26,NA,NA,NA
2018-02-27,NA,NA,NA
2018-02-28,NA,NA,NA
2018-03-01,NA,NA,NA
2018-03-02,NA,NA,NA
2018-03-05,NA,NA,NA
2018-03-06,NA,NA,NA
2018-03-07,NA,NA,NA
2018-03-08,NA,NA,NA
2018-03-09,NA,NA,NA
2018-03-12,NA,NA,NA
2018-03-13,NA,NA,NA
2018-03-14,NA,NA,NA
2018-03-15,NA,NA,NA
2018-03-16,NA,NA,NA
2018-03-19,NA,NA,NA
2018-03-20,NA,NA,NA
2018-03-21,NA,NA,NA
2018-03-22,NA,NA,NA
2018-03-23,NA,NA,NA
2018-03-26,NA,NA,NA
2018-03-27,NA,NA,NA
2018-03-28,NA,NA,NA
2018-03-29,NA,NA,NA
2018-03-30,NA,NA,NA
2018-04-02,NA,NA,NA
2018-04-03,NA,NA,NA
2018-04-04,NA,NA,NA
2018-04-05,NA,NA,NA
2018-04-06,NA,NA,NA
2018-04-09,NA,NA,NA
2018-04-10,NA,NA,NA
2018-04-11,NA,NA,NA
2018-04-12,NA,NA,NA
2018-04-13,NA,NA,NA
2018-04-16,NA,NA,NA
2018-04-17,NA,NA,NA
2018-04-18,NA,NA,NA
2018-04-19,NA,NA,NA
2018-04-20,NA,NA,NA
2018-04-23,NA,NA,NA
2018-04-24,NA,NA,NA
2018-04-25,NA,NA,NA
2018-04-26,NA,NA,NA
2018-04-27,NA,NA,NA
2018-04-30,NA,NA,NA
2018-05-01,NA,NA,NA
2018-05-02,NA,NA,NA
2018-05-03,NA,NA,NA
2018-05-04,NA,NA,NA
2018-05-07,NA,NA,NA
2018-05-08,NA,NA,NA
2018-05-09,NA,NA,NA
2018-05-10,NA,NA,NA
2018-05-11,NA,NA,NA
2018-05-14,NA,NA,NA
2018-05-15,NA,NA,NA
2018-05-16,NA,NA,NA
2018-05-17,NA,NA,NA
2018-05-18,NA,NA,NA
2018-05-21,NA,NA,NA
2018-05-22,NA,NA,NA
2018-05-23,NA,NA,NA
2018-05-24,NA,NA,NA
2018-05-25,NA,NA,NA
2018-05-28,NA,NA,NA
2018-05-29,NA,NA,NA
2018-05-30,NA,NA,NA
2018-05-31,NA,NA,NA
2018-06-01,NA,NA,NA
2018-06-04,NA,NA,NA
2018-06-05,NA,NA,NA
2018-06-06,NA,NA,NA
2018-06-07,NA,NA,NA
2018-06-08,NA,NA,NA
2018-06-11,NA,NA,NA
2018-06-12,NA,NA,NA
2018-06-13,NA,NA,NA
2018-06-14,NA,NA,NA
2018-06-15,NA,NA,NA
2018-06-18,NA,NA,NA
2018-06-19,NA,NA,NA
2018-06-20,NA,NA,NA
2018-06-21,NA,NA,NA
2018-06-22,NA,NA,NA
2018-06-25,NA,NA,NA
2018-06-26,NA,NA,NA
2018-06-27,NA,NA,NA
2018-06-28,NA,NA,NA
2018-06-29,NA,NA,NA
2018-07-02,NA,NA,NA
2018-07-03,NA,NA,NA
2018-07-04,NA,NA,NA
2018-07-05,NA,NA,NA
2018-07-06,NA,NA,NA
2018-07-09,NA,NA,NA
2018-07-10,NA,NA,NA
2018-07-11,NA,NA,NA
2018-07-12,NA,NA,NA
2018-07-13,NA,NA,NA
2018-07-16,NA,NA,NA
2018-07-17,NA,NA,NA
2018-07-18,NA,NA,NA
2018-07-19,NA,NA,NA
2018-07-20,NA,NA,NA
2018-07-23,NA,NA,NA
2018-07-24,NA,NA,NA
2018-07-25,NA,NA,NA
2018-07-26,NA,NA,NA
2018-07-27,NA,NA,NA
2018-07-30,NA,NA,NA
2018-07-31,NA,NA,NA
2018-08-01,NA,NA,NA
2018-08-02,NA,NA,NA
2018-08-03,NA,NA,NA
2018-08-06,NA,NA,NA
2018-08-07,NA,NA,NA
2018-08-08,NA,NA,NA
2018-08-09,NA,NA,NA
2018-08-10,NA,NA,NA
2018-08-13,NA,NA,NA
2018-08-14,NA,NA,NA
2018-08-15,NA,NA,NA
2018-08-16,NA,NA,NA
2018-08-17,NA,NA,NA
2018-08-20,NA,NA,NA
2018-08-21,NA,NA,NA
2018-08-22,NA,NA,NA
2018-08-23,NA,NA,NA
2018-08-24,NA,NA,NA
2018-08-27,NA,NA,NA
2018-08-28,NA,NA,NA
2018-08-29,NA,NA,NA
2018-08-30,NA,NA,NA
2018-08-31,NA,NA,NA
2018-09-03,NA,NA,NA
2018-09-04,NA,NA,NA
2018-09-05,NA,NA,NA
2018-09-06,NA,NA,NA
2018-09-07,NA,NA,NA
2018-09-10,NA,NA,NA
2018-09-11,NA,NA,NA
2018-09-12,NA,NA,NA
2018-09-13,NA,NA,NA
2018-09-14,NA,NA,NA
2018-09-17,NA,NA,NA
2018-09-18,NA,NA,NA
2018-09-19,NA,NA,NA
2018-09-20,NA,NA,NA
2018-09-21,NA,NA,NA
2018-09-24,NA,NA,NA
2018-09-25,NA,NA,NA
2018-09-26,NA,NA,NA
2018-09-27,NA,NA,NA
2018-09-28,NA,NA,NA
2018-10-01,NA,NA,NA
2018-10-02,NA,NA,NA
2018-10-03,NA,NA,NA
2018-10-04,NA,NA,NA
2018-10-05,NA,NA,NA
2018-10-08,NA,NA,NA
2018-10-09,NA,NA,NA
2018-10-10,NA,NA,NA
2018-10-11,NA,NA,NA
2018-10-12,NA,NA,NA
2018-10-15,NA,NA,NA
2018-10-16,NA,NA,NA
2018-10-17,NA,NA,NA
2018-10-18,NA,NA,NA
2018-10-19,NA,NA,NA
2018-10-22,NA,NA,NA
2018-10-23,NA,NA,NA
2018-10-24,NA,NA,NA
2018-10-25,NA,NA,NA
2018-10-26,NA,NA,NA
2018-10-29,NA,NA,NA
2018-10-30,NA,NA,NA
2018-10-31,NA,NA,NA
2018-11-01,NA,NA,NA
2018-11-02,NA,NA,NA
2018-11-05,NA,NA,NA
2018-11-06,NA,NA,NA
2018-11-07,NA,NA,NA
2018-11-08,NA,NA,NA
2018-11-09,NA,NA,NA
2018-11-12,NA,NA,NA
2018-11-13,NA,NA,NA
2018-11-14,NA,NA,NA
2018-11-15,NA,NA,NA
2018-11-16,NA,NA,NA
2018-11-19,NA,NA,NA
2018-11-20,NA,NA,NA
2018-11-21,NA,NA,NA
2018-11-22,NA,NA,NA
2018-11-23,NA,NA,NA
2018-11-26,NA,NA,NA
2018-11-27,NA,NA,NA
2018-11-28,NA,NA,NA
2018-11-29,NA,NA,NA
2018-11-30,NA,NA,NA
2018-12-03,NA,NA,NA
2018-12-04,NA,NA,NA
2018-12-05,NA,NA,NA
2018-12-06,NA,NA,NA
2018-12-07,NA,NA,NA
2018-12-10,NA,NA,NA
2018-12-11,NA,NA,NA
2018-12-12,NA,NA,NA
2018-12-13,NA,NA,NA
2018-12-14,NA,NA,NA
2018-12-17,NA,NA,NA
2018-12-18,NA,NA,NA
2018-12-19,NA,NA,NA
2018-12-20,NA,NA,NA
2018-12-21,NA,NA,NA
2018-12-24,NA,NA,NA
2018-12-25,NA,NA,NA
2018-12-26,NA,NA,NA
2018-12-27,NA,NA,NA
2018-12-28,NA,NA,NA
2018-12-31,NA,NA,NA
2019-01-01,NA,NA,NA
2019-01-02,NA,NA,NA
2019-01-03,NA,NA,NA
2019-01-04,NA,NA,NA
2019-01-07,NA,NA,NA
2019-01-08,NA,NA,NA
2019-01-09,NA,NA,NA
2019-01-10,NA,NA,NA
2019-01-11,NA,NA,NA
2019-01-14,NA,NA,NA
2019-01-15,NA,NA,NA
2019-01-16,NA,NA,NA
2019-01-17,NA,NA,NA
2019-01-18,NA,NA,NA
2019-01-21,NA,NA,NA
2019-01-22,NA,NA,NA
2019-01-23,NA,NA,NA
2019-01-24,NA,NA,NA
2019-01-25,NA,NA,NA
2019-01-28,NA,NA,NA
2019-01-29,NA,NA,NA
2019-01-30,NA,NA,NA
2019-01-31,NA,NA,NA
2019-02-01,NA,NA,NA
2019-02-04,NA,NA,NA
2019-02-05,NA,NA,NA
2019-02-06,NA,NA,NA
2019-02-07,NA,NA,NA
2019-02-08,NA,NA,NA
2019-02-11,NA,NA,NA
2019-02-12,NA,NA,NA
2019-02-13,NA,NA,NA
2019-02-14,NA,NA,NA
2019-02-15,NA,NA,NA
2019-02-18,NA,NA,NA
2019-02-19,NA,NA,NA
2019-02-20,NA,NA,NA
2019-02-21,NA,NA,NA
2019-02-22,NA,NA,NA
2019-02-25,NA,NA,NA
2019-02-26,NA,NA,NA
2019-02-27,NA,NA,NA
2019-02-28,NA,NA,NA
2019-03-01,NA,NA,NA
2019-03-04,NA,NA,NA
2019-03-05,NA,NA,NA
2019-03-06,NA,NA,NA
2019-03-07,NA,NA,NA
2019-03-08,NA,NA,NA
2019-03-11,NA,NA,NA
2019-03-12,NA,NA,NA
2019-03-13,NA,NA,NA
2019-03-14,NA,NA,NA
2019-03-15,NA,NA,NA
2019-03-18,NA,NA,NA
2019-03-19,NA,NA,NA
2019-03-20,NA,NA,NA
2019-03-21,NA,NA,NA
2019-03-22,NA,NA,NA
2019-03-25,NA,NA,NA
2019-03-26,NA,NA,NA
2019-03-27,NA,NA,NA
2019-03-28,NA,NA,NA
2019-03-29,NA,NA,NA
2019-04-01,NA,NA,NA
2019-04-02,NA,NA,NA
2019-04-03,NA,NA,NA
2019-04-04,NA,NA,NA
2019-04-05,NA,NA,NA
2019-04-08,NA,NA,NA
2019-04-09,NA,NA,NA
2019-04-10,NA,NA,NA
2019-04-11,NA,NA,NA
2019-04-12,NA,NA,NA
2019-04-15,NA,NA,NA
2019-04-16,NA,NA,NA
2019-04-17,NA,NA,NA
2019-04-18,NA,NA,NA
2019-04-19,NA,NA,NA
2019-04-22,NA,NA,NA
2019-04-23,NA,NA,NA
2019-04-24,NA,NA,NA
2019-04-25,NA,NA,NA
2019-04-26,NA,NA,NA
2019-04-29,NA,NA,NA
2019-04-30,NA,NA,NA
2019-05-01,NA,NA,NA
2019-05-02,NA,NA,NA
2019-05-03,NA,NA,NA
2019-05-06,NA,NA,NA
2019-05-07,NA,NA,NA
2019-05-08,NA,NA,NA
2019-05-09,NA,NA,NA
2019-05-10,NA,NA,NA
2019-05-13,NA,NA,NA
2019-05-14,NA,NA,NA
2019-05-15,NA,NA,NA
2019-05-16,NA,NA,NA
2019-05-17,NA,NA,NA
2019-05-20,NA,NA,NA
2019-05-21,NA,NA,NA
2019-05-22,NA,NA,NA
2019-05-23,NA,NA,NA
2019-05-24,NA,NA,NA
2019-05-27,NA,NA,NA
2019-05-28,NA,NA,NA
2019-05-29,NA,NA,NA
2019-05-30,NA,NA,NA
2019-05-31,NA,NA,NA
2019-06-03,NA,NA,NA
2019-06-04,NA,NA,NA
2019-06-05,NA,NA,NA
2019-06-06,NA,NA,NA
2019-06-07,NA,NA,NA
2019-06-10,NA,NA,NA
2019-06-11,NA,NA,NA
2019-06-12,NA,NA,NA
2019-06-13,NA,NA,NA
2019-06-14,NA,NA,NA
2019-06-17,NA,NA,NA
2019-06-18,NA,NA,NA
2019-06-19,NA,NA,NA
2019-06-20,NA,NA,NA
2019-06-21,NA,NA,NA
2019-06-24,NA,NA,NA
2019-06-25,NA,NA,NA
2019-06-26,NA,NA,NA
2019-06-27,NA,NA,NA
2019-06-28,NA,NA,NA
2019-07-01,NA,NA,NA
2019-07-02,NA,NA,NA
2019-07-03,NA,NA,NA
2019-07-04,NA,NA,NA
2019-07-05,NA,NA,NA
2019-07-08,NA,NA,NA
2019-07-09,NA,NA,NA
2019-07-10,NA,NA,NA
2019-07-11,NA,NA,NA
2019-07-12,NA,NA,NA
2019-07-15,NA,NA,NA
2019-07-16,NA,NA,NA
2019-07-17,NA,NA,NA
2019-07-18,NA,NA,NA
2019-07-19,NA,NA,NA
2019-07-22,NA,NA,NA
2019-07-23,NA,NA,NA
2019-07-24,NA,NA,NA
2019-07-25,NA,NA,NA
2019-07-26,NA,NA,NA
2019-07-29,NA,NA,NA
2019-07-30,NA,NA,NA
2019-07-31,NA,NA,NA
2019-08-01,NA,NA,NA
2019-08-02,NA,NA,NA
2019-08-05,NA,NA,NA
2019-08-06,NA,NA,NA
2019-08-07,NA,NA,NA
2019-08-08,NA,NA,NA
2019-08-09,NA,NA,NA
2019-08-12,NA,NA,NA
2019-08-13,NA,NA,NA
2019-08-14,NA,NA,NA
2019-08-15,NA,NA,NA
2019-08-16,NA,NA,NA
2019-08-19,NA,NA,NA
2019-08-20,NA,NA,NA
2019-08-21,NA,NA,NA
2019-08-22,NA,NA,NA
2019-08-23,NA,NA,NA
2019-08-26,NA,NA,NA
2019-08-27,NA,NA,NA
2019-08-28,NA,NA,NA
2019-08-29,NA,NA,NA
2019-08-30,NA,NA,NA
2019-09-02,NA,NA,NA
2019-09-03,NA,NA,NA
2019-09-04,NA,NA,NA
2019-09-05,NA,NA,NA
2019-09-06,NA,NA,NA
2019-09-09,NA,NA,NA
2019-09-10,NA,NA,NA
2019-09-11,NA,NA,NA
2019-09-12,NA,NA,NA
2019-09-13,NA,NA,NA
2019-09-16,NA,NA,NA
2019-09-17,NA,NA,NA
2019-09-18,NA,NA,NA
2019-09-19,NA,NA,NA
2019-09-20,NA,NA,NA
2019-09-23,NA,NA,NA
2019-09-24,NA,NA,NA
2019-09-25,NA,NA,NA
2019-09-26,NA,NA,NA
2019-09-27,NA,NA,NA
2019-09-30,NA,NA,NA
2019-10-01,NA,NA,NA
2019-10-02,NA,NA,NA
2019-10-03,NA,NA,NA
2019-10-04,NA,NA,NA
2019-10-07,NA,NA,NA
2019-10-08,NA,NA,NA
2019-10-09,NA,NA,NA
2019-10-10,NA,NA,NA
2019-10-11,NA,NA,NA
2019-10-14,NA,NA,NA
2019-10-15,NA,NA,NA
2019-10-16,NA,NA,NA
2019-10-17,NA,NA,NA
2019-10-18,NA,NA,NA
2019-10-21,NA,NA,NA
2019-10-22,NA,NA,NA
2019-10-23,NA,NA,NA
2019-10-24,NA,NA,NA
2019-10-25,NA,NA,NA
2019-10-28,NA,NA,NA
2019-10-29,NA,NA,NA
2019-10-30,NA,NA,NA
2019-10-31,NA,NA,NA
2019-11-01,NA,NA,NA
2019-11-04,NA,NA,NA
2019-11-05,NA,NA,NA
2019-11-06,NA,NA,NA
2019-11-07,NA,NA,NA
2019-11-08,NA,NA,NA
2019-11-11,NA,NA,NA
2019-11-12,NA,NA,NA
2019-11-13,NA,NA,NA
2019-11-14,NA,NA,NA
2019-11-15,NA,NA,NA
2019-11-18,NA,NA,NA
2019-11-19,NA,NA,NA
2019-11-20,NA,NA,NA
2019-11-21,NA,NA,NA
2019-11-22,NA,NA,NA
2019-11-25,NA,NA,NA
2019-11-26,NA,NA,NA
2019-11-27,NA,NA,NA
2019-11-28,NA,NA,NA
2019-11-29,NA,NA,NA
2019-12-02,NA,NA,NA
2019-12-03,NA,NA,NA
2019-12-04,NA,NA,NA
2019-12-05,NA,NA,NA
2019-12-06,NA,NA,NA
2019-12-09,NA,NA,NA
2019-12-10,NA,NA,NA
2019-12-11,NA,NA,NA
2019-12-12,NA,NA,NA
2019-12-13,NA,NA,NA
2019-12-16,NA,NA,NA
2019-12-17,NA,NA,NA
2019-12-18,NA,NA,NA
2019-12-19,NA,NA,NA
2019-12-20,NA,NA,NA
2019-12-23,NA,NA,NA
2019-12-24,NA,NA,NA
2019-12-25,NA,NA,NA
2019-12-26,NA,NA,NA
2019-12-27,NA,NA,NA
2019-12-30,NA,NA,NA
2019-12-31,NA,NA,NA
2020-01-01,NA,NA,NA
2020-01-02,NA,NA,NA
2020-01-03,NA,NA,NA
2020-01-06,NA,NA,NA
2020-01-07,NA,NA,NA
2020-01-08,NA,NA,NA
2020-01-09,NA,NA,NA
2020-01-10,NA,NA,NA
2020-01-13,NA,NA,NA
2020-01-14,NA,NA,NA
2020-01-15,NA,NA,NA
2020-01-16,NA,NA,NA
2020-01-17,NA,NA,NA
2020-01-20,NA,NA,NA
2020-01-21,NA,NA,NA
2020-01-22,NA,NA,NA
2020-01-23,NA,NA,NA
2020-01-24,NA,NA,NA
2020-01-27,NA,NA,NA
2020-01-28,NA,NA,NA
2020-01-29,NA,NA,NA
2020-01-30,NA,NA,NA
2020-01-31,NA,NA,NA
2020-02-03,NA,NA,NA
2020-02-04,NA,NA,NA
2020-02-05,NA,NA,NA
2020-02-06,NA,NA,NA
2020-02-07,NA,NA,NA
2020-02-10,NA,NA,NA
2020-02-11,NA,NA,NA
2020-02-12,NA,NA,NA
2020-02-13,NA,NA,NA
2020-02-14,NA,NA,NA
2020-02-17,NA,NA,NA
2020-02-18,NA,NA,NA
2020-02-19,NA,NA,NA
2020-02-20,NA,NA,NA
2020-02-21,NA,NA,NA
2020-02-24,NA,NA,NA
2020-02-25,NA,NA,NA
2020-02-26,NA,NA,NA
2020-02-27,NA,NA,NA
2020-02-28,NA,NA,NA
2020-03-02,NA,NA,NA
2020-03-03,NA,NA,NA
2020-03-04,NA,NA,NA
2020-03-05,NA,NA,NA
2020-03-06,NA,NA,NA
2020-03-09,NA,NA,NA
2020-03-10,NA,NA,NA
2020-03-11,NA,NA,NA
2020-03-12,NA,NA,NA
2020-03-13,NA,NA,NA
2020-03-16,NA,NA,NA
2020-03-17,NA,NA,NA
2020-03-18,NA,NA,NA
2020-03-19,NA,NA,NA
2020-03-20,NA,NA,NA
2020-03-23,NA,NA,NA
2020-03-24,NA,NA,NA
2020-03-25,NA,NA,NA
2020-03-26,NA,NA,NA
2020-03-27,NA,NA,NA
2020-03-30,NA,NA,NA
2020-03-31,NA,NA,NA
2020-04-01,NA,NA,NA
2020-04-02,NA,NA,NA
2020-04-03,NA,NA,NA
2020-04-06,NA,NA,NA
2020-04-07,NA,NA,NA
2020-04-08,NA,NA,NA
2020-04-09,NA,NA,NA
2020-04-10,NA,NA,NA
2020-04-13,NA,NA,NA
2020-04-14,NA,NA,NA
2020-04-15,NA,NA,NA
2020-04-16,NA,NA,NA
2020-04-17,NA,NA,NA
2020-04-20,NA,NA,NA
2020-04-21,NA,NA,NA
2020-04-22,NA,NA,NA
2020-04-23,NA,NA,NA
2020-04-24,NA,NA,NA
2020-04-27,NA,NA,NA
2020-04-28,NA,NA,NA
2020-04-29,NA,NA,NA
2020-04-30,NA,NA,NA
2020-05-01,NA,NA,NA
2020-05-04,NA,NA,NA
2020-05-05,NA,NA,NA
2020-05-06,NA,NA,NA
2020-05-07,NA,NA,NA
2020-05-08,NA,NA,NA
2020-05-11,NA,NA,NA
2020-05-12,NA,NA,NA
2020-05-13,NA,NA,NA
2020-05-14,NA,NA,NA
2020-05-15,NA,NA,NA
2020-05-18,NA,NA,NA
2020-05-19,NA,NA,NA
2020-05-20,NA,NA,NA
2020-05-21,NA,NA,NA
2020-05-22,NA,NA,NA
2020-05-25,NA,NA,NA
2020-05-26,NA,NA,NA
2020-05-27,NA,NA,NA
2020-05-28,NA,NA,NA
2020-05-29,NA,NA,NA
2020-06-01,NA,NA,NA
2020-06-02,NA,NA,NA
2020-06-03,NA,NA,NA
2020-06-04,NA,NA,NA
2020-06-05,NA,NA,NA
2020-06-08,NA,NA,NA
2020-06-09,NA,NA,NA
2020-06-10,NA,NA,NA
2020-06-11,NA,NA,NA
2020-06-12,NA,NA,NA
2020-06-15,NA,NA,NA
2020-06-16,NA,NA,NA
2020-06-17,NA,NA,NA
2020-06-18,NA,NA,NA
2020-06-19,NA,NA,NA
2020-06-22,NA,NA,NA
2020-06-23,NA,NA,NA
2020-06-24,NA,NA,NA
2020-06-25,NA,NA,NA
2020-06-26,NA,NA,NA
2020-06-29,NA,NA,NA
2020-06-30,NA,NA,NA
2020-07-01,NA,NA,NA
2020-07-02,NA,NA,NA
2020-07-03,NA,NA,NA
2020-07-06,NA,NA,NA
2020-07-07,NA,NA,NA
2020-07-08,NA,NA,NA
2020-07-09,NA,NA,NA
2020-07-10,NA,NA,NA
2020-07-13,NA,NA,NA
2020-07-14,NA,NA,NA
2020-07-15,NA,NA,NA
2020-07-16,NA,NA,NA
2020-07-17,NA,NA,NA
2020-07-20,NA,NA,NA
2020-07-21,NA,NA,NA
2020-07-22,NA,NA,NA
2020-07-23,NA,NA,NA
2020-07-24,NA,NA,NA
2020-07-27,NA,NA,NA
2020-07-28,NA,NA,NA
2020-07-29,NA,NA,NA
2020-07-30,NA,NA,NA
2020-07-31,NA,NA,NA
2020-08-03,NA,NA,NA
2020-08-04,NA,NA,NA
2020-08-05,NA,NA,NA
2020-08-06,NA,NA,NA
2020-08-07,NA,NA,NA
2020-08-10,NA,NA,NA
2020-08-11,NA,NA,NA
2020-08-12,NA,NA,NA
2020-08-13,NA,NA,NA
2020-08-14,NA,NA,NA
2020-08-17,NA,NA,NA
2020-08-18,NA,NA,NA
2020-08-19,NA,NA,NA
2020-08-20,NA,NA,NA
2020-08-21,NA,NA,NA
2020-08-24,NA,NA,NA
2020-08-25,NA,NA,NA
2020-08-26,NA,NA,NA
2020-08-27,NA,NA,NA
2020-08-28,NA,NA,NA
2020-08-31,NA,NA,NA
2020-09-01,NA,NA,NA
2020-09-02,NA,NA,NA
2020-09-03,NA,NA,NA
2020-09-04,NA,NA,NA
2020-09-07,NA,NA,NA
2020-09-08,NA,NA,NA
2020-09-09,NA,NA,NA
2020-09-10,NA,NA,NA
2020-09-11,16.7,16.75,0.298953662182366
2020-09-14,15.73,15.74,0.0635525897680317
2020-09-15,15.49,15.53,0.25789813023855
2020-09-16,15.44,15.5,0.387847446670979
2020-09-17,15.58,15.6,0.128287363694673
2020-09-18,15.23,15.24,0.0656383327863458
2020-09-21,14.92,14.95,0.20087043856712
2020-09-22,15.45,15.5,0.323101777059778
2020-09-23,14.8,14.81,0.0675447483958108
2020-09-24,15.2,15.23,0.197173841603688
2020-09-25,14.95,15,0.333889816360606
2020-09-28,14.68,14.7,0.136147038801903
2020-09-29,14.25,14.3,0.350262697022772
2020-09-30,14.29,14.34,0.34928396786588
2020-10-01,14.7,14.9,1.35135135135136
2020-10-02,14.51,14.55,0.275292498279428
2020-10-05,14,14.01,0.0714030703320228
2020-10-06,14,14.02,0.142755174875086
2020-10-07,14.3,14.38,0.557880055788006
2020-10-08,14.23,14.27,0.280701754385959
2020-10-09,14.68,14.7,0.136147038801903
2020-10-12,14.68,14.7,0.136147038801903
2020-10-13,15.14,15.2,0.395517468688192
2020-10-14,15.46,15.49,0.19386106623586
2020-10-15,15.84,15.85,0.0631113916061836
2020-10-16,15.91,15.98,0.439009093759801
2020-10-19,15.67,15.7,0.191265540325147
2020-10-20,16.35,16.38,0.183318056828583
2020-10-21,16.48,16.61,0.785735871864606
2020-10-22,16.54,16.6,0.362100181050104
2020-10-23,16.55,16.56,0.0604047115674902
2020-10-26,16.96,16.99,0.176730486008822
2020-10-27,17.52,17.56,0.228050171037623
2020-10-28,17.19,17.2,0.0581564408258099
2020-10-29,17.99,18,0.0555709919422149
2020-10-30,17.75,17.77,0.11261261261261
2020-11-02,17.75,17.77,0.11261261261261
2020-11-03,18.46,18.57,0.594112881447472
2020-11-04,18.9,18.93,0.158604282315629
2020-11-05,18.59,18.6,0.0537778972842246
2020-11-06,18.13,18.15,0.110253583241453
2020-11-09,17.98,18,0.111172873818786
2020-11-10,17.65,17.66,0.0566411781365141
2020-11-11,17.51,17.65,0.796359499431155
2020-11-12,18.07,18.08,0.0553250345781356
2020-11-13,18.98,19,0.105318588730909
2020-11-16,18.75,18.83,0.425758382118139
2020-11-17,18.41,18.47,0.325379609544462
2020-11-18,18,18.01,0.0555401277423025
2020-11-19,18.24,18.39,0.819000819000831
2020-11-20,18.28,18.3,0.109349371241113
2020-11-23,18.88,19.08,1.05374077976817
2020-11-24,18.67,18.68,0.0535475234270308
2020-11-25,18.55,18.6,0.269179004037689
2020-11-26,19,19.02,0.105207785376116
2020-11-27,19.24,19.25,0.0519615484541521
2020-11-30,18.95,19,0.263504611330702
2020-12-01,18.17,18.2,0.164971130052228
2020-12-02,18.66,18.69,0.160642570281131
2020-12-03,18.73,18.75,0.106723585912484
2020-12-04,18.7,18.88,0.957956359765831
2020-12-07,17.95,17.99,0.222593210907063
2020-12-08,18.2,18.22,0.109829763866005
2020-12-09,17.85,17.87,0.111982082866739
2020-12-10,17.45,17.47,0.114547537227947
2020-12-11,17.71,17.78,0.394477317554242
2020-12-14,17.93,17.96,0.167177486765122
2020-12-15,18.06,18.1,0.221238938053112
2020-12-16,17.99,18,0.0555709919422149
2020-12-17,18.2,18.21,0.0549299642955318
2020-12-18,18.73,18.74,0.0533760341606512
2020-12-21,18.35,18.42,0.380745172695133
2020-12-22,18.81,18.9,0.477326968973746
2020-12-23,18.97,19.01,0.210637177461836
2020-12-24,18.97,19.01,0.210637177461836
2020-12-25,18.97,19.01,0.210637177461836
2020-12-28,19.36,19.37,0.0516395558998273
2020-12-29,19.55,19.56,0.0511378164152289
2020-12-30,19.09,19.1,0.0523697302958972
2020-12-31,19.09,19.1,0.0523697302958972
2021-01-01,19.09,19.1,0.0523697302958972
2021-01-04,18.58,18.6,0.107584722969355
2021-01-05,18.58,18.59,0.0538068334678588
2021-01-06,17.53,17.63,0.568828213879396
2021-01-07,17.52,17.59,0.398746795784678
2021-01-08,18.12,18.13,0.0551724137930925
2021-01-11,18.9,18.95,0.264200792602382
2021-01-12,20.15,20.16,0.049615480029777
2021-01-13,21.55,21.58,0.139114305587747
2021-01-14,22,22.01,0.0454442172233654
2021-01-15,21.6,21.75,0.692041522491343
2021-01-18,21.45,21.5,0.23282887077998
2021-01-19,21.39,21.41,0.0934579439252317
2021-01-20,21.7,21.79,0.413888250172453
2021-01-21,22.21,22.3,0.404403504830375
2021-01-22,21.89,22.03,0.637522768670312
2021-01-25,21.89,22.03,0.637522768670312
2021-01-26,22.55,22.6,0.221483942414178
2021-01-27,21.5,21.6,0.464037122969844
2021-01-28,21.78,21.8,0.0917852225791628
2021-01-29,21.37,21.5,0.606484721250287
2021-02-01,21.59,21.6,0.0463070155128574
2021-02-02,21.75,21.85,0.458715596330282
2021-02-03,21.96,21.97,0.04552697473252
2021-02-04,21.62,21.65,0.138664201525295
2021-02-05,21.66,21.68,0.0922934933087198
2021-02-08,22.03,22.04,0.045382346267293
2021-02-09,22.62,22.65,0.132538104705092
2021-02-10,22.34,22.36,0.0894854586129735
2021-02-11,22.24,22.25,0.0449539222297216
2021-02-12,22.34,22.35,0.0447527411053997
2021-02-15,22.34,22.35,0.0447527411053997
2021-02-16,22.34,22.35,0.0447527411053997
2021-02-17,23.15,23.17,0.0863557858376646
2021-02-18,23.12,23.15,0.129673654635823
2021-02-19,23.79,23.8,0.0420256356377456
2021-02-22,23.2,23.34,0.601633003867643
2021-02-23,22.8,23,0.873362445414844
2021-02-24,22.14,22.2,0.270635994587274
2021-02-25,21.4,21.52,0.559179869524702
2021-02-26,20.9,20.98,0.38204393505254
2021-03-01,21.66,21.75,0.414651002073254
2021-03-02,22.32,22.33,0.0447928331466876
2021-03-03,21.8,21.95,0.685714285714279
2021-03-04,21.39,21.4,0.046739892498238
2021-03-05,21.34,21.37,0.140482322641073
2021-03-08,20.12,20.23,0.545229244114
2021-03-09,21.42,21.49,0.326264274061975
2021-03-10,20.5,20.52,0.0975134080936108
2021-03-11,20.26,20.27,0.0493461633357908
2021-03-12,19.62,19.63,0.0509554140127287
2021-03-15,20.39,20.4,0.0490316253983722
2021-03-16,20,20.1,0.49875311720699
2021-03-17,20.42,20.46,0.195694716242657
2021-03-18,19.97,20.06,0.449662752935298
2021-03-19,20.37,20.38,0.0490797546012172
2021-03-22,20.38,20.39,0.0490556781947587
2021-03-23,20.05,20.06,0.0498628770879981
2021-03-24,19.82,19.9,0.402819738167162
2021-03-25,19.92,19.93,0.0501882057716337
2021-03-26,19.29,19.3,0.0518268981601532
2021-03-29,19.23,19.24,0.0519885625162361
2021-03-30,19.15,19.17,0.104384133611707
2021-03-31,19.63,19.79,0.811770674784374
2021-04-01,19.63,19.76,0.660066006600673
2021-04-02,19.63,19.76,0.660066006600673
2021-04-05,19.63,20.33,3.5035035035035
2021-04-06,20.54,20.61,0.340218712029163
2021-04-07,20.19,20.23,0.197921820880748
2021-04-08,21.57,21.59,0.092678405931416
2021-04-09,22.17,22.3,0.58466381830447
2021-04-12,21.78,21.81,0.1376462491397
2021-04-13,21.5,21.55,0.232288037166089
2021-04-14,21.62,21.88,1.19540229885057
2021-04-15,21.41,21.64,1.068524970964
2021-04-16,22.59,22.6,0.0442575791104296
2021-04-19,22.46,22.51,0.222370469201693
2021-04-20,22.29,22.46,0.759776536312857
2021-04-21,22.29,22.46,0.759776536312857
2021-04-22,21.76,21.8,0.183654729109271
2021-04-23,22.22,22.32,0.449034575662332
2021-04-26,22.29,22.38,0.402955003357958
2021-04-27,22.83,23.01,0.78534031413614
2021-04-28,23.31,23.39,0.342612419700222
2021-04-29,23.9,23.91,0.0418322526668126
2021-04-30,24,24.17,0.705833506331749
2021-05-03,23.68,23.83,0.631446011366022
2021-05-04,23.74,23.8,0.252419015565849
2021-05-05,24.09,24.21,0.496894409937892
2021-05-06,24.75,24.77,0.0807754442649417
2021-05-07,24.86,24.93,0.281180960032136
2021-05-10,24.62,24.64,0.0812017864392999
2021-05-11,23.34,23.35,0.0428357249946522
2021-05-12,21.26,21.3,0.187969924812026
2021-05-13,21.52,21.57,0.23207240659086
2021-05-14,21.67,21.68,0.0461361014994141
2021-05-17,22.5,22.51,0.0444345700955413
2021-05-18,22.47,22.49,0.0889679715302472
2021-05-19,21.59,21.6,0.0463070155128574
2021-05-20,21.76,21.96,0.914913083257087
2021-05-21,21.25,21.26,0.0470477534697792
2021-05-24,21.52,21.54,0.0928936367858782
2021-05-25,22.12,22.13,0.0451977401129854
2021-05-26,22.21,22.22,0.0450146297546613
2021-05-27,23.02,23.03,0.043431053203047
2021-05-28,23.04,23.06,0.0867678958785231
2021-05-31,23.33,23.34,0.042854081851303
2021-06-01,23.2,23.21,0.0430941607412263
2021-06-02,23.2,23.21,0.0430941607412263
2021-06-03,23.2,23.21,0.0430941607412263
2021-06-04,22.91,22.95,0.174443959877885
2021-06-07,22.99,23,0.0434877147205982
2021-06-08,23.81,23.82,0.0419903422212957
2021-06-09,24.13,24.15,0.0828500414250189
2021-06-10,23.56,23.63,0.296673023945752
2021-06-11,23.8,23.97,0.711743772241985
2021-06-14,23.6,23.64,0.169348010160877
2021-06-15,23.48,23.49,0.0425803704492144
2021-06-16,23.81,23.82,0.0419903422212957
2021-06-17,24.38,24.4,0.0820008200081983
2021-06-18,24.64,24.4,-0.978792822185979
2021-06-21,24.44,24.5,0.245198201879848
2021-06-22,24.25,24.31,0.247116968698512
2021-06-23,24.89,24.9,0.0401687085760113
2021-06-24,24.45,24.48,0.122624156958926
2021-06-25,24.85,24.87,0.0804505229283973
2021-06-28,25.63,25.68,0.194893782888329
2021-06-29,25.74,25.84,0.387747188832887
2021-06-30,25.72,25.76,0.155400155400166
2021-07-01,24.89,24.95,0.240770465489561
2021-07-02,25.23,25.26,0.118835412953065
2021-07-05,24.66,24.7,0.162074554294972
2021-07-06,24.36,24.39,0.123076923076928
2021-07-07,24.42,24.45,0.122774708410058
2021-07-08,24.82,24.88,0.241448692152912
2021-07-09,24.82,24.88,0.241448692152912
2021-07-12,24.55,24.56,0.0407249032783466
2021-07-13,24.1,24.14,0.165837479270312
2021-07-14,23.94,24,0.250312891113887
2021-07-15,23.96,23.97,0.0417275192989694
2021-07-16,23.51,23.6,0.382084483124601
2021-07-19,23.39,23.4,0.0427441761059971
2021-07-20,23.15,23.17,0.0863557858376646
2021-07-21,22.88,22.9,0.0873743993010029
2021-07-22,23.37,23.41,0.171013253527145
2021-07-23,23.48,23.58,0.424989375265609
2021-07-26,23.09,23.1,0.0432994154578981
2021-07-27,22.43,22.48,0.222667557336899
2021-07-28,22.38,22.41,0.133958472873414
2021-07-29,22.46,22.49,0.133481646273627
2021-07-30,22.84,22.85,0.043773254541482
2021-08-02,23.6,23.61,0.0423639059521204
2021-08-03,24.94,24.95,0.0400881940268511
2021-08-04,25.54,25.55,0.0391466040321063
2021-08-05,25.9,25.91,0.038602586373293
2021-08-06,26.23,26.35,0.456447318372008
2021-08-09,26.79,26.83,0.149198060425211
2021-08-10,26.24,26.29,0.190367409099565
2021-08-11,25.98,26,0.0769526741054235
2021-08-12,25.48,25.49,0.03923876790268
2021-08-13,25.66,25.67,0.0389635690629323
2021-08-16,25.33,25.34,0.0394710874284648
2021-08-17,26.27,26.28,0.0380589914367329
2021-08-18,25.89,25.93,0.154380548050942
2021-08-19,26.99,27,0.0370438970179721
2021-08-20,27.87,27.91,0.143420580853349
2021-08-23,27.38,27.4,0.0730193501277823
2021-08-24,27.64,27.73,0.325085786527
2021-08-25,28.35,28.4,0.176211453744483
2021-08-26,27.49,27.5,0.0363702491362123
2021-08-27,27.74,27.77,0.108088632678801
2021-08-30,27,27.01,0.0370301795963768
2021-08-31,26.46,26.48,0.0755572346052118
2021-09-01,25.66,25.7,0.155763239875386
2021-09-02,26.03,26.1,0.268559370803761
2021-09-03,26.6,26.61,0.0375869197519189
2021-09-06,26.57,26.61,0.150432493418575
2021-09-07,26.57,26.61,0.150432493418575
2021-09-08,25.57,25.66,0.35135662697638
2021-09-09,25.57,27,5.44036522731596
2021-09-10,26.44,26.48,0.151171579743005
2021-09-13,25.98,25.99,0.0384837406195806
2021-09-14,27,27.05,0.185013876040706
2021-09-15,26.9,26.91,0.0371678126742299
2021-09-16,26.8,26.83,0.111877680402751
2021-09-17,26.73,26.83,0.37341299477221
2021-09-20,25.48,25.5,0.0784621420164754
2021-09-21,26.27,26.28,0.0380589914367329
2021-09-22,26.46,26.5,0.151057401812686
2021-09-23,26.19,26.2,0.038175224279435
2021-09-24,25.79,25.83,0.154978690430063
2021-09-27,25.8,25.85,0.193610842207166
2021-09-28,24.28,24.29,0.0411776816965123
2021-09-29,23.89,23.9,0.0418497593638753
2021-09-30,23.45,23.46,0.0426348326582885
2021-10-01,24,24.01,0.04165798791919
2021-10-04,22.97,22.98,0.0435255712731298
2021-10-05,23.3,23.32,0.085800085800084
2021-10-06,22.91,22.92,0.0436395374209102
2021-10-07,23.11,23.13,0.0865051903114169
2021-10-08,23.4,23.44,0.17079419299745
2021-10-11,21.98,21.99,0.0454855583352195
2021-10-12,21.98,21.99,0.0454855583352195
2021-10-13,23.46,23.47,0.0426166631152696
2021-10-14,23.86,23.9,0.167504187604687
2021-10-15,23.77,23.78,0.0420609884332348
2021-10-18,23.45,23.47,0.0852514919011065
2021-10-19,22.41,22.43,0.0892060660124869
2021-10-20,21.4,21.41,0.0467180565288557
2021-10-21,20.06,20.1,0.19920318725101
2021-10-22,19.54,19.57,0.153413449245723
2021-10-25,19.92,19.95,0.150489089540996
2021-10-26,19,19.01,0.0526177321757514
2021-10-27,18.83,18.86,0.159193420005312
2021-10-28,18.96,18.98,0.105429625724826
2021-10-29,18.77,18.79,0.106496272630456
2021-11-01,19.31,19.38,0.361850607392092
2021-11-02,19.31,19.38,0.361850607392092
2021-11-03,20.82,20.87,0.239865675221879
2021-11-04,20.63,20.64,0.0484613520717304
2021-11-05,20.44,20.45,0.0489117143555784
2021-11-08,19.61,19.67,0.305498981670073
2021-11-09,20.82,20.84,0.0960153624579912
2021-11-10,21.88,21.89,0.0456933973040967
2021-11-11,22.76,22.81,0.219442615755967
2021-11-12,21.97,22.09,0.54471175669542
2021-11-15,21.97,22.09,0.54471175669542
2021-11-16,20.4,20.42,0.0979911807937439
2021-11-17,19.49,19.5,0.0512952038984435
2021-11-18,19.54,19.57,0.153413449245723
2021-11-19,19.54,19.64,0.510464522715679
2021-11-22,19,19.14,0.734137388568435
2021-11-23,18.36,18.37,0.0544514021236132
2021-11-24,18.57,18.58,0.0538358008075263
2021-11-25,19.1,19.18,0.417972831765926
2021-11-26,18.5,18.55,0.269905533063432
2021-11-29,18.5,18.53,0.162030785849318
2021-11-30,18.2,18.21,0.0549299642955318
2021-12-01,18.36,18.45,0.488997555012224
2021-12-02,18.08,18.12,0.220994475138136
2021-12-03,19.1,19.13,0.156944807742598
2021-12-06,18.92,19,0.421940928270033
2021-12-07,19.71,19.72,0.0507227998985443
2021-12-08,20.43,20.5,0.342047397996581
2021-12-09,19.32,19.33,0.0517464424320725
2021-12-10,19.84,19.92,0.402414486921538
2021-12-13,19.8,19.85,0.252206809583862
2021-12-14,18.86,18.94,0.423280423280433
2021-12-15,19.16,19.19,0.156453715775756
2021-12-16,18.67,18.74,0.374231488906692
2021-12-17,18.6,18.74,0.749866095340102
2021-12-20,17.89,17.92,0.167550963418046
2021-12-21,17.53,17.55,0.114025085518812
2021-12-22,17.33,17.4,0.403109703426434
2021-12-23,16.83,16.84,0.0594000594000687
2021-12-24,16.83,16.84,0.0594000594000687
2021-12-27,16.9,16.95,0.295420974889221
2021-12-28,16.63,16.64,0.0601142170123328
2021-12-29,16.38,16.4,0.122025625381327
2021-12-30,16.34,16.37,0.183430143686953
2021-12-31,16.34,16.37,0.183430143686953
2022-01-03,15.8,15.82,0.126502213788739
2022-01-04,14.41,14.44,0.207972270363947
2022-01-05,13.76,13.8,0.290275761973882
2022-01-06,14.03,14.04,0.0712504453152817
2022-01-07,14.18,14.2,0.140944326990836
2022-01-10,14,14.01,0.0714030703320228
2022-01-11,14.99,15.01,0.13333333333333
2022-01-12,15.55,15.56,0.0642880102860803
2022-01-13,15.34,15.41,0.45528455284553
2022-01-14,15.22,15.24,0.131319763624423
2022-01-17,15.02,15.04,0.13306719893546
2022-01-18,14.78,14.79,0.0676361176868433
2022-01-19,14.73,14.82,0.609137055837563
2022-01-20,16.16,16.19,0.185471406491506
2022-01-21,16.65,16.71,0.359712230215841
2022-01-24,15.88,15.9,0.125865324103207
2022-01-25,16.73,16.78,0.298418382572371
2022-01-26,18,18.02,0.111049416990558
2022-01-27,17.5,17.51,0.0571265352756445
2022-01-28,17.06,17.09,0.175695461200592
2022-01-31,17.81,17.82,0.0561324726354284
2022-02-01,17.95,17.96,0.0556947925369065
2022-02-02,17.67,17.7,0.169635284139087
2022-02-03,17.59,17.6,0.0568343279340811
2022-02-04,17.66,17.69,0.169731258840176
2022-02-07,17.8,17.86,0.336511497476157
2022-02-08,17.19,17.2,0.0581564408258099
2022-02-09,17.28,17.34,0.346620450606578
2022-02-10,16.74,16.75,0.0597193191997705
2022-02-11,16.52,16.55,0.181433323253711
2022-02-14,17.6,17.62,0.11357183418512
2022-02-15,18.54,18.57,0.161681487469691
2022-02-16,18.48,18.54,0.324149108589945
2022-02-17,18.85,18.86,0.0530363298859613
2022-02-18,18.32,18.86,2.90478752017213
2022-02-21,17.19,17.3,0.637866048129889
2022-02-22,18.21,18.26,0.274197970935019
2022-02-23,17.85,17.92,0.391389432485324
2022-02-24,18,18.02,0.111049416990558
2022-02-25,17.49,17.5,0.0571591883395345
2022-02-28,17.49,17.5,0.0571591883395345
2022-03-01,17.49,17.5,0.0571591883395345
2022-03-02,17.67,17.68,0.0565770862800453
2022-03-03,18.28,18.3,0.109349371241113
2022-03-04,17.51,17.57,0.342075256556435
2022-03-07,15.94,15.96,0.125391849529789
2022-03-08,16.67,16.7,0.179802217560669
2022-03-09,18.16,18.19,0.165061898211836
2022-03-10,17.41,17.43,0.114810562571754
2022-03-11,16.63,16.68,0.300210147102976
2022-03-14,16.18,16.19,0.0617856039542883
2022-03-15,17.12,17.14,0.11675423234092
2022-03-16,17.87,17.88,0.0559440559440448
2022-03-17,17.98,18,0.111172873818786
2022-03-18,18.64,18.74,0.535045478865692
2022-03-21,17.94,17.95,0.0557258289216941
2022-03-22,18.55,18.58,0.161594398060854
2022-03-23,18.98,18.99,0.0526731630234291
2022-03-24,18.8,18.81,0.0531773464504015
2022-03-25,18.76,18.77,0.0532907007727046
2022-03-28,18.59,18.61,0.107526881720428
2022-03-29,19.43,19.44,0.0514535631592568
2022-03-30,18.76,18.78,0.106553010122534
2022-03-31,18.66,18.69,0.160642570281131
2022-04-01,19.15,19.17,0.104384133611707
2022-04-04,19.1,19.11,0.0523423187647109
2022-04-05,18.64,18.66,0.107238605898121
2022-04-06,17.73,17.74,0.0563856780377672
2022-04-07,17.66,17.67,0.0566091140673737
2022-04-08,17.03,17.04,0.0587026709715175
2022-04-11,16.37,16.38,0.0610687022900642
2022-04-12,16.65,16.68,0.180018001800187
2022-04-13,16.85,16.86,0.0593295757935213
2022-04-14,16.85,16.86,0.0593295757935213
2022-04-15,16.85,16.86,0.0593295757935213
2022-04-18,15.97,15.99,0.125156445556944
2022-04-19,16.15,16.16,0.0619003404518822
2022-04-20,15.91,15.98,0.439009093759801
2022-04-21,15.91,15.98,0.439009093759801
2022-04-22,15.42,15.43,0.0648298217179889
2022-04-25,15.87,15.9,0.188857412653454
2022-04-26,15.75,15.8,0.31695721077655
2022-04-27,15.79,15.8,0.0633111744222954
2022-04-28,15.76,15.77,0.0634316523945435
2022-04-29,15.22,15.23,0.0656814449917884
2022-05-02,15.45,15.51,0.387596899224809
2022-05-03,15.73,15.76,0.190536678310571
2022-05-04,16.25,16.27,0.123001230012298
2022-05-05,15.17,15.19,0.131752305665346
2022-05-06,13.23,13.25,0.151057401812686
2022-05-09,11.79,11.8,0.0847816871555876
2022-05-10,12.66,12.69,0.236686390532539
2022-05-11,12.66,12.42,-1.91387559808613
2022-05-12,12.19,12.2,0.0820008200081983
2022-05-13,13.35,13.37,0.149700598802392
2022-05-16,13.78,13.88,0.723065798987718
2022-05-17,13.8,13.82,0.1448225923244
2022-05-18,13.46,13.48,0.148478099480323
2022-05-19,12.76,12.77,0.0783392087739897
2022-05-20,12.76,12.11,-5.22718134298352
2022-05-23,12.26,12.3,0.325732899022809
2022-05-24,11.83,11.85,0.168918918918915
2022-05-25,11.62,11.63,0.0860215053763575
2022-05-26,12.15,12.17,0.164473684210523
2022-05-27,12.29,12.3,0.0813338755591831
2022-05-30,12.16,12.17,0.0822030415125342
2022-05-31,12.13,12.19,0.493421052631568
2022-06-01,12.03,12.07,0.331950207468887
2022-06-02,12.75,12.76,0.078400627205016
2022-06-03,12.48,12.53,0.399840063974402
2022-06-06,11.94,11.96,0.167364016736413
2022-06-07,11.72,11.75,0.255645504899867
2022-06-08,11.63,11.65,0.171821305841921
2022-06-09,11.82,11.83,0.0845665961945014
2022-06-10,11.13,11.17,0.358744394618826
2022-06-13,10.05,10.06,0.0994530084535036
2022-06-14,10.09,10.1,0.0990589400693391
2022-06-15,10.57,10.58,0.0945626477541351
2022-06-16,10.57,10.58,0.0945626477541351
2022-06-17,10.46,10.47,0.0955566172957457
2022-06-20,10.5,10.52,0.190294957183631
2022-06-21,10.51,10.52,0.0951022349025182
2022-06-22,10.7,10.71,0.0934142923867498
2022-06-23,11.37,11.38,0.0879120879121017
2022-06-24,10.73,10.75,0.186219739292361
2022-06-27,10.7,10.71,0.0934142923867498
2022-06-28,10.57,10.59,0.189035916824193
2022-06-29,10.38,10.39,0.0962927298988906
2022-06-30,9.93,9.94,0.100654252642172
2022-07-01,9.82,9.83,0.101781170483458
2022-07-04,9.6,9.62,0.208116545265344
2022-07-05,10.43,10.45,0.19157088122605
2022-07-06,10.58,10.59,0.0944733112895587
2022-07-07,10.75,10.78,0.278680910357635
2022-07-08,10.66,10.68,0.187441424554823
2022-07-11,10.07,10.08,0.0992555831265488
2022-07-12,10.51,10.52,0.0951022349025182
2022-07-13,10.62,10.63,0.0941176470588382
2022-07-14,10.17,10.24,0.685938265556103
2022-07-15,10.17,10.24,0.685938265556103
2022-07-18,9.66,9.68,0.206825232678382
2022-07-19,9.75,9.77,0.204918032786881
2022-07-20,10.68,10.69,0.0935891436593335
2022-07-21,10.28,10.29,0.0972289742343198
2022-07-22,9.86,9.87,0.101368474404458
2022-07-25,9.35,9.37,0.213675213675209
2022-07-26,8.92,8.96,0.447427293064887
2022-07-27,9.42,9.48,0.63492063492064
2022-07-28,9.93,9.94,0.100654252642172
2022-07-29,9.67,9.69,0.206611570247929
2022-08-01,9.82,9.83,0.101781170483458
2022-08-02,10.08,10.09,0.0991571641051045
2022-08-03,10.79,10.8,0.0926354793886203
2022-08-04,11.84,11.85,0.0844238075137171
2022-08-05,11.43,11.44,0.0874508089199807
2022-08-08,11.58,11.59,0.0863185153215346
2022-08-09,10.88,10.9,0.183654729109271
2022-08-10,11.28,11.3,0.177147918511969
2022-08-11,10.27,10.29,0.194552529182875
2022-08-12,10.97,10.98,0.091116173120727
2022-08-15,11.89,11.9,0.0840689365279511
2022-08-16,11.55,11.56,0.0865426222414521
2022-08-17,11.18,11.19,0.0894054537326758
2022-08-18,10.8,10.81,0.0925497454881979
2022-08-19,10.32,10.81,4.63795551348793
2022-08-22,9.59,9.6,0.104220948410628
2022-08-23,10.04,10.05,0.0995520159283381
2022-08-24,10.36,10.41,0.48146364949447
2022-08-25,10.92,10.93,0.0915331807780301
2022-08-26,10.49,10.5,0.0952834683182447
2022-08-29,10.45,10.47,0.191204588910147
2022-08-30,10.49,10.5,0.0952834683182447
2022-08-31,10.79,10.83,0.370027752081415
2022-09-01,10.56,10.57,0.0946521533364864
2022-09-02,10.15,10.16,0.0984736582964036
2022-09-05,10.31,10.32,0.0969461948618496
2022-09-06,9.71,9.73,0.205761316872424
2022-09-07,9.71,9.73,0.205761316872424
2022-09-08,10,10.01,0.0999500249875041
2022-09-09,10.33,10.34,0.096758587324623
2022-09-12,10.31,10.33,0.193798449612399
2022-09-13,9.8,9.81,0.101988781234062
2022-09-14,10.44,10.45,0.0957395883197682
2022-09-15,10.01,10.02,0.0998502246630033
2022-09-16,10.08,10.1,0.198216055500491
2022-09-19,10.45,10.46,0.0956480153036974
2022-09-20,10.34,10.36,0.193236714975841
2022-09-21,10.54,10.57,0.284225485551882
2022-09-22,10.66,10.68,0.187441424554823
2022-09-23,11.15,11.16,0.0896458987001325
2022-09-26,10.42,10.45,0.287494010541441
2022-09-27,10.34,10.35,0.0966650555824049
2022-09-28,10.28,10.29,0.0972289742343198
2022-09-29,9.75,9.76,0.102511532547409
2022-09-30,10.17,10.18,0.0982800982800962
2022-10-03,10.81,10.82,0.0924641701340711
2022-10-04,10.89,10.92,0.275103163686376
2022-10-05,10.67,10.68,0.0936768149882884
2022-10-06,10.93,10.96,0.274097761534958
2022-10-07,10.02,10.03,0.0997506234413944
2022-10-10,9.65,9.66,0.103573278094249
2022-10-11,9.3,9.31,0.107469102632991
2022-10-12,9.3,9.31,0.107469102632991
2022-10-13,9.25,9.26,0.108049702863315
2022-10-14,8.83,8.84,0.113186191284661
2022-10-17,8.82,8.83,0.113314447592066
2022-10-18,8.89,8.95,0.67264573991028
2022-10-19,8.66,8.67,0.115406809001729
2022-10-20,8.53,8.54,0.1171646162859
2022-10-21,8.53,8.63,1.1655011655012
2022-10-24,8.45,8.46,0.118273211117721
2022-10-25,8.36,8.37,0.119545726240284
2022-10-26,7.96,7.97,0.125549278091648
2022-10-27,8.27,8.28,0.120845921450127
2022-10-28,8.38,8.39,0.119260584376861
2022-10-31,8.75,8.76,0.114220445459735
2022-11-01,8.79,8.8,0.113700966458233
2022-11-02,8.79,8.8,0.113700966458233
2022-11-03,9,9.01,0.111049416990558
2022-11-04,9.03,9.04,0.110680686220252
2022-11-07,8.69,8.7,0.115008625646901
2022-11-08,8.15,8.16,0.122624156958918
2022-11-09,8.88,8.9,0.224971878515181
2022-11-10,8.47,8.48,0.117994100294983
2022-11-11,8.13,8.15,0.24570024570024
2022-11-14,8.19,8.22,0.365630712979904
2022-11-15,8.19,8.22,0.365630712979904
2022-11-16,7.79,7.83,0.512163892445583
2022-11-17,7.7,7.74,0.518134715025907
2022-11-18,7.37,7.39,0.271002710027095
2022-11-21,7.81,7.86,0.638162093171675
2022-11-22,7.54,7.57,0.397088021178031
2022-11-23,7.39,7.43,0.539811066126856
2022-11-24,7.85,7.86,0.127307447485686
2022-11-25,7.44,7.45,0.13431833445265
2022-11-28,7.23,7.24,0.138217000691082
2022-11-29,7.28,7.29,0.137268359643099
2022-11-30,7.36,7.37,0.135777325186691
2022-12-01,6.97,6.98,0.14336917562725
2022-12-02,6.97,6.98,0.14336917562725
2022-12-05,6.85,6.89,0.582241630276565
2022-12-06,6.88,6.89,0.145243282498181
2022-12-07,6.6,6.61,0.151400454201373
2022-12-08,6.41,6.43,0.311526479750772
2022-12-09,6.18,6.19,0.161681487469696
2022-12-12,5.95,5.96,0.167926112510492
2022-12-13,6.1,6.11,0.163800163800175
2022-12-14,6.28,6.3,0.31796502384737
2022-12-15,6.16,6.17,0.162206001622057
2022-12-16,5.9,5.91,0.169348010160877
2022-12-19,6.32,6.35,0.473559589581679
2022-12-20,6.61,6.64,0.452830188679236
2022-12-21,6.56,6.59,0.456273764258559
2022-12-22,6.43,6.46,0.465477114041897
2022-12-23,6.77,6.78,0.14760147601477
2022-12-26,6.52,6.53,0.153256704980853
2022-12-27,6.13,6.14,0.162999185004072
2022-12-28,6.41,6.44,0.466926070038914
2022-12-29,6.26,6.28,0.318979266347695
2022-12-30,6.26,6.28,0.318979266347695
2023-01-02,5.89,5.9,0.169635284139112
2023-01-03,5.64,5.66,0.353982300884964
2023-01-04,5.77,5.78,0.173160173160185
2023-01-05,6,6.02,0.332778702163054
2023-01-06,6.16,6.18,0.324149108589944
2023-01-09,6.13,6.15,0.325732899022809
2023-01-10,6.48,6.51,0.46189376443417
2023-01-11,6.39,6.4,0.156372165754506
2023-01-12,6.31,6.33,0.316455696202539
2023-01-13,6.15,6.17,0.324675324675318
2023-01-16,5.91,5.93,0.337837837837831
2023-01-17,6.01,6.02,0.166251039068991
2023-01-18,6.12,6.13,0.163265306122445
2023-01-19,5.94,5.97,0.503778337531475
2023-01-20,5.91,5.97,1.010101010101
2023-01-23,5.87,5.88,0.170212765957443
2023-01-24,6.25,6.27,0.319488817891367
2023-01-25,6.44,6.47,0.464756003098363
2023-01-26,6.38,6.4,0.312989045383419
2023-01-27,6.49,6.51,0.307692307692301
2023-01-30,6.78,6.8,0.294550810014721
2023-01-31,7.22,7.24,0.276625172890739
2023-02-01,7.3,7.35,0.682593856655288
2023-02-02,7.5,7.52,0.266311584553922
2023-02-03,7.17,7.19,0.278551532033433
2023-02-06,7.1,7.11,0.140745953553845
2023-02-07,6.88,6.92,0.579710144927537
2023-02-08,6.93,6.95,0.288184438040352
2023-02-09,6.47,6.49,0.308641975308649
2023-02-10,6.51,6.52,0.153491941673059
2023-02-13,6.57,6.58,0.152091254752848
2023-02-14,6.44,6.48,0.619195046439629
2023-02-15,6.5,6.54,0.613496932515338
2023-02-16,6.74,6.75,0.148257968865823
2023-02-17,6.63,6.66,0.451467268623029
2023-02-20,6.63,6.66,0.451467268623029
2023-02-21,6.63,6.66,0.451467268623029
2023-02-22,6.8,6.84,0.586510263929619
2023-02-23,6.9,6.92,0.289435600578865
2023-02-24,6.91,6.92,0.144613159797538
2023-02-27,6.68,6.69,0.149588631264034
2023-02-28,6.45,6.46,0.154918667699454
2023-03-01,6.32,6.38,0.944881889763773
2023-03-02,6.33,6.35,0.315457413249205
2023-03-03,6.19,6.2,0.161420500403548
2023-03-06,6.23,6.24,0.160384923817158
2023-03-07,6.18,6.22,0.645161290322581
2023-03-08,6.75,6.78,0.44345898004435
2023-03-09,6.29,6.3,0.158856235107225
2023-03-10,5.94,5.97,0.503778337531475
2023-03-13,6.35,6.36,0.157356412273811
2023-03-14,6.2,6.21,0.161160354552777
2023-03-15,6.31,6.32,0.158353127474278
2023-03-16,6.81,6.82,0.146735143066774
2023-03-17,6.67,6.7,0.448765893792076
2023-03-20,6.33,6.36,0.47281323877069
2023-03-21,6.55,6.56,0.152555301296717
2023-03-22,6.27,6.28,0.159362549800808
2023-03-23,5.8,5.81,0.172265288544355
2023-03-24,5.89,5.91,0.338983050847465
2023-03-27,6.01,6.02,0.166251039068991
2023-03-28,6.37,6.38,0.156862745098036
2023-03-29,6.47,6.49,0.308641975308649
2023-03-30,6.53,6.54,0.153022188217288
2023-03-31,6.19,6.2,0.161420500403548
2023-04-03,5.97,5.98,0.167364016736413
2023-04-04,5.98,5.99,0.16708437761069
2023-04-05,5.63,5.64,0.177462289263528
2023-04-06,5.7,5.71,0.175284837861521
2023-04-07,5.7,5.71,0.175284837861521
2023-04-10,5.52,5.53,0.180995475113134
2023-04-11,5.98,5.99,0.16708437761069
2023-04-12,6.19,6.21,0.322580645161283
2023-04-13,6.03,6.04,0.165700082850038
2023-04-14,5.84,5.85,0.171086398631305
2023-04-17,5.97,5.98,0.167364016736413
2023-04-18,6.17,6.18,0.161943319838053
2023-04-19,5.86,5.87,0.170502983802213
2023-04-20,6.18,6.19,0.161681487469696
2023-04-21,6.18,6.19,0.161681487469696
2023-04-24,6.3,6.31,0.158604282315619
2023-04-25,6.26,6.27,0.159616919393452
2023-04-26,6.35,6.36,0.157356412273811
2023-04-27,6.04,6.05,0.165425971877581
2023-04-28,6.16,6.17,0.162206001622057
2023-05-01,6.16,6.17,0.162206001622057
2023-05-02,5.76,5.78,0.346620450606594
2023-05-03,5.76,5.77,0.173460537727663
2023-05-04,5.93,5.94,0.168491996630171
2023-05-05,6.89,6.9,0.145032632342287
2023-05-08,6.98,6.99,0.143163922691479
2023-05-09,7.17,7.18,0.139372822299649
2023-05-10,7.18,7.2,0.278164116828935
2023-05-11,7.37,7.38,0.13559322033898
2023-05-12,7.27,7.28,0.137457044673549
2023-05-15,7.44,7.45,0.13431833445265
2023-05-16,7.14,7.15,0.139958012596231
2023-05-17,7.45,7.48,0.401875418620231
2023-05-18,7.46,7.48,0.267737617135214
2023-05-19,7.41,7.48,0.940228341168573
2023-05-22,7.45,7.46,0.134138162307174
2023-05-23,7.29,7.3,0.137080191912266
2023-05-24,7.47,7.5,0.400801603206416
2023-05-25,7.56,7.57,0.1321877065433
2023-05-26,7.63,7.64,0.130975769482643
2023-05-29,7.52,7.53,0.132890365448514
2023-05-30,7.21,7.24,0.415224913494813
2023-05-31,7.24,7.25,0.138026224982744
2023-06-01,7.59,7.6,0.131665569453585
2023-06-02,7.35,7.38,0.407331975560085
2023-06-05,7.25,7.26,0.137835975189522
2023-06-06,7.59,7.61,0.263157894736848
2023-06-07,7.46,7.48,0.267737617135214
2023-06-08,7.46,7.48,0.267737617135214
2023-06-09,7.59,7.6,0.131665569453585
2023-06-12,7.48,7.49,0.133600534402135
2023-06-13,7.2,7.21,0.138792505204716
2023-06-14,7.36,7.37,0.135777325186691
2023-06-15,7.34,7.35,0.136147038801903
2023-06-16,7.34,7.35,0.136147038801903
2023-06-19,7.24,7.25,0.138026224982744
2023-06-20,7.23,7.24,0.138217000691082
2023-06-21,7.28,7.3,0.274348422496565
2023-06-22,7.04,7.05,0.141944641589777
2023-06-23,7.06,7.08,0.282885431400289
2023-06-26,6.64,6.65,0.150489089541018
2023-06-27,6.27,6.28,0.159362549800808
2023-06-28,6.2,6.21,0.161160354552777
2023-06-29,6.57,6.61,0.606980273141123
2023-06-30,6.56,6.58,0.304414003044147
2023-07-03,6.7,6.71,0.149142431021622
2023-07-04,7.01,7.03,0.284900284900292
2023-07-05,6.97,6.98,0.14336917562725
2023-07-06,6.7,6.71,0.149142431021622
2023-07-07,7.26,7.27,0.137646249139708
2023-07-10,7.16,7.18,0.278940027893997
2023-07-11,7.07,7.09,0.282485875706209
2023-07-12,6.83,6.84,0.14630577907827
2023-07-13,6.48,6.49,0.154202004626057
2023-07-14,6.24,6.25,0.160128102481982
2023-07-17,6.39,6.4,0.156372165754506
2023-07-18,6.28,6.3,0.31796502384737
2023-07-19,6.14,6.16,0.325203252032528
2023-07-20,6.14,6.16,0.325203252032528
2023-07-21,6.14,6.18,0.64935064935065
2023-07-24,6.25,6.27,0.319488817891367
2023-07-25,6.29,6.3,0.158856235107225
2023-07-26,6.51,6.52,0.153491941673059
2023-07-27,6.59,6.6,0.1516300227445
2023-07-28,6.77,6.78,0.14760147601477
2023-07-31,7,7.01,0.142755174875086
2023-08-01,7.14,7.15,0.139958012596231
2023-08-02,7.12,7.14,0.280504908835899
2023-08-03,6.84,6.88,0.583090379008747
2023-08-04,7.03,7.05,0.284090909090903
2023-08-07,6.88,6.9,0.290275761973882
2023-08-08,6.46,6.47,0.154679040989943
2023-08-09,6.01,6.02,0.166251039068991
2023-08-10,6.2,6.22,0.322061191626402
2023-08-11,5.94,5.95,0.168208578637507
2023-08-14,5.56,5.57,0.179694519317173
2023-08-15,5.33,5.35,0.374531835205985
2023-08-16,5.12,5.13,0.195121951219508
2023-08-17,5.11,5.12,0.195503421309869
2023-08-18,5.3,5.12,-3.45489443378118
2023-08-21,5.43,5.44,0.183992640294401
2023-08-22,5.35,5.36,0.186741363211964
2023-08-23,5.42,5.43,0.184331797235019
2023-08-24,5.4,5.41,0.185013876040699
2023-08-25,5.39,5.4,0.185356811862848
2023-08-28,5.39,5.4,0.185356811862848
2023-08-29,5.23,5.25,0.381679389312969
2023-08-30,5.21,5.24,0.574162679425842
2023-08-31,5.47,5.48,0.182648401826496
2023-09-01,5.74,5.75,0.174064403829413
2023-09-04,5.7,5.73,0.524934383202104
2023-09-05,5.55,5.57,0.359712230215836
2023-09-06,5.42,5.44,0.368324125230211
2023-09-07,5.42,5.44,0.368324125230211
2023-09-08,5.65,5.67,0.353356890459356
2023-09-11,5.51,5.52,0.181323662737983
2023-09-12,5.83,5.84,0.171379605826903
2023-09-13,5.85,5.87,0.341296928327653
2023-09-14,5.73,5.74,0.174367916303396
2023-09-15,5.63,5.68,0.884173297966398
2023-09-18,5.5,5.51,0.181653042688461
2023-09-19,5.31,5.32,0.188146754468498
2023-09-20,5.32,5.33,0.187793427230043
2023-09-21,5.12,5.13,0.195121951219508
2023-09-22,4.98,4.99,0.200601805416244
2023-09-25,5,5.01,0.199800199800196
2023-09-26,4.7,4.72,0.424628450106148
2023-09-27,4.6,4.62,0.433839479392635
2023-09-28,4.67,4.69,0.427350427350437
2023-09-29,4.71,4.72,0.212089077412509
2023-10-02,4.59,4.61,0.434782608695662
2023-10-03,4.3,4.31,0.232288037166081
2023-10-04,4.3,4.31,0.232288037166081
2023-10-05,4.37,4.38,0.228571428571424
2023-10-06,4.14,4.15,0.241254523522332
2023-10-09,4.15,4.18,0.720288115246083
2023-10-10,4.25,4.26,0.235017626321969
2023-10-11,4.13,4.14,0.241837968561059
2023-10-12,4.13,4.14,0.241837968561059
2023-10-13,3.93,3.94,0.254129606099105
2023-10-16,3.89,3.91,0.512820512820513
2023-10-17,3.83,3.84,0.260756192959577
2023-10-18,3.72,3.75,0.803212851405617
2023-10-19,3.77,3.78,0.26490066225165
2023-10-20,3.77,3.78,0.26490066225165
2023-10-23,3.81,3.82,0.262123197903009
2023-10-24,3.84,3.86,0.51948051948052
2023-10-25,3.73,3.75,0.53475935828877
2023-10-26,3.86,3.88,0.516795865633075
2023-10-27,3.69,3.7,0.270635994587286
2023-10-30,3.51,3.53,0.568181818181819
2023-10-31,3.55,3.56,0.281293952180035
2023-11-01,3.51,3.52,0.284495021337133
2023-11-02,3.51,3.52,0.284495021337133
2023-11-03,3.86,3.88,0.516795865633075
2023-11-06,3.7,3.72,0.539083557951483
2023-11-07,3.87,3.89,0.515463917525774
2023-11-08,3.87,3.89,0.515463917525774
2023-11-09,3.85,3.86,0.259403372243834
2023-11-10,3.81,3.85,1.0443864229765
2023-11-13,3.93,3.94,0.254129606099105
2023-11-14,4.06,4.08,0.491400491400503
2023-11-15,4.06,4.08,0.491400491400503
2023-11-16,4.29,4.3,0.232828870779972
2023-11-17,4.26,4.28,0.468384074941463
2023-11-20,4.35,4.36,0.229621125143529
2023-11-21,4.15,4.17,0.48076923076922
2023-11-22,4.16,4.17,0.240096038415361
2023-11-23,4.1,4.11,0.243605359317921
2023-11-24,4,4.02,0.498753117206972
2023-11-27,4.01,4.02,0.249066002490655
2023-11-28,4.02,4.03,0.248447204968961
2023-11-29,4,4.01,0.249687890137323
2023-11-30,4.13,4.14,0.241837968561059
2023-12-01,4.3,4.32,0.464037122969848
2023-12-04,4.21,4.23,0.47393364928911
2023-12-05,4.13,4.15,0.483091787439625
2023-12-06,4,4.02,0.498753117206972
2023-12-07,4.15,4.17,0.48076923076922
2023-12-08,4.25,4.29,0.936768149882905
2023-12-11,4.12,4.13,0.242424242424237
2023-12-12,4.18,4.19,0.238948626045416
2023-12-13,4.41,4.42,0.226500566251411
2023-12-14,4.19,4.2,0.238379022646002
2023-12-15,3.92,3.93,0.2547770700637
2023-12-18,3.86,3.87,0.25873221216042
2023-12-19,3.76,3.78,0.530503978779841
2023-12-20,3.93,3.95,0.50761421319797
2023-12-21,3.96,3.98,0.503778337531487
2023-12-22,4.04,4.05,0.24721878862793
2023-12-25,4.04,4.05,0.24721878862793
2023-12-26,4.15,4.16,0.240673886883268
2023-12-27,4.08,4.09,0.244798041615662
2023-12-28,3.95,3.98,0.756620428751571
2023-12-29,3.95,3.98,0.756620428751571
2024-01-01,3.95,3.98,0.756620428751571
2024-01-02,3.75,3.76,0.266311584553922
2024-01-03,3.71,3.73,0.537634408602151
2024-01-04,3.66,3.67,0.27285129604365
2024-01-05,3.73,3.75,0.53475935828877
2024-01-08,3.86,3.88,0.516795865633075
2024-01-09,3.85,3.86,0.259403372243834
2024-01-10,3.73,3.74,0.267737617135214
2024-01-11,3.61,3.62,0.276625172890739
2024-01-12,3.62,3.64,0.550964187327824
2024-01-15,3.64,3.65,0.274348422496565
2024-01-16,3.51,3.52,0.284495021337133
2024-01-17,3.51,3.54,0.851063829787241
2024-01-18,3.56,3.6,1.11731843575419
2024-01-19,3.56,3.6,1.11731843575419
2024-01-22,3.45,3.46,0.289435600578865
2024-01-23,3.52,3.54,0.56657223796034
2024-01-24,3.43,3.44,0.291120815138276
2024-01-25,3.43,3.44,0.291120815138276
2024-01-26,3.4,3.42,0.586510263929619
2024-01-29,3.38,3.4,0.589970501474927
2024-01-30,3.21,3.22,0.311041990668747
2024-01-31,3.27,3.29,0.609756097560976
2024-02-01,3.23,3.24,0.309119010819172
2024-02-02,3.13,3.14,0.318979266347695
2024-02-05,3.08,3.11,0.969305331179315
2024-02-06,3.15,3.17,0.632911392405064
2024-02-07,3.45,3.46,0.289435600578865
2024-02-08,3.56,3.59,0.839160839160834
2024-02-09,3.52,3.53,0.283687943262405
2024-02-12,3.52,3.53,0.283687943262405
2024-02-13,3.52,3.53,0.283687943262405
2024-02-14,3.55,3.56,0.281293952180035
2024-02-15,3.54,3.55,0.282087447108598
2024-02-16,3.53,3.55,0.56497175141243
2024-02-19,3.48,3.5,0.573065902578797
2024-02-20,3.76,3.78,0.530503978779841
2024-02-21,3.75,3.78,0.796812749003979
2024-02-22,3.83,3.84,0.260756192959577
2024-02-23,3.81,3.82,0.262123197903009
2024-02-26,3.85,3.87,0.518134715025907
2024-02-27,4.14,4.15,0.241254523522332
2024-02-28,4.06,4.08,0.491400491400503
2024-02-29,4.16,4.19,0.718562874251503
2024-03-01,4.18,4.19,0.238948626045416
2024-03-04,3.94,3.96,0.506329113924051
2024-03-05,3.93,3.95,0.50761421319797
2024-03-06,3.93,3.95,0.50761421319797
2024-03-07,3.98,3.99,0.250941028858224
2024-03-08,4.18,4.19,0.238948626045416
2024-03-11,4.15,4.16,0.240673886883268
2024-03-12,4.45,4.46,0.224466891133553
2024-03-13,4.46,4.47,0.223964165733478
2024-03-14,4.5,4.51,0.2219755826859
2024-03-15,4.31,4.33,0.462962962962974
2024-03-18,4.38,4.39,0.228050171037623
2024-03-19,4.61,4.62,0.216684723726973
2024-03-20,4.98,4.99,0.200601805416244
2024-03-21,4.86,4.88,0.410677618069806
2024-03-22,4.92,4.94,0.405679513184594
2024-03-25,4.85,4.86,0.205973223480961
2024-03-26,4.7,4.71,0.2125398512221
2024-03-27,4.46,4.48,0.447427293064887
2024-03-28,4.35,4.36,0.229621125143529
2024-03-29,4.35,4.36,0.229621125143529
2024-04-01,4.13,4.14,0.241837968561059
2024-04-02,4.08,4.09,0.244798041615662
2024-04-03,4.11,4.13,0.485436893203873
2024-04-04,4.05,4.06,0.246609124537603
2024-04-05,3.94,3.95,0.253485424588092
2024-04-08,3.98,3.99,0.250941028858224
2024-04-09,4.04,4.06,0.493827160493817
2024-04-10,3.79,3.8,0.263504611330693
2024-04-11,3.75,3.76,0.266311584553922
2024-04-12,3.65,3.66,0.273597811217517
2024-04-15,3.59,3.6,0.278164116828935
2024-04-16,3.61,3.68,1.920438957476
2024-04-17,3.53,3.54,0.282885431400289
2024-04-18,3.49,3.5,0.286123032904143
2024-04-19,4.79,4.8,0.208550573514073
2024-04-22,5.32,5.34,0.375234521575977
2024-04-23,5.15,5.17,0.387596899224798
2024-04-24,4.66,4.67,0.214362272240081
2024-04-25,4.8,4.82,0.415800415800425
2024-04-26,5.02,5.03,0.199004975124392
2024-04-29,4.82,4.83,0.207253886010358
2024-04-30,4.71,4.72,0.212089077412509
2024-05-01,4.71,4.72,0.212089077412509
2024-05-02,4.84,4.86,0.412371134020628
2024-05-03,4.86,4.87,0.205549845837611
2024-05-06,5.05,5.07,0.395256916996057
2024-05-07,5.14,5.16,0.388349514563116
2024-05-08,4.84,4.85,0.206398348813205
2024-05-09,4.76,4.79,0.628272251308906
2024-05-10,4.51,4.53,0.442477876106205
2024-05-13,4.49,4.51,0.444444444444435
2024-05-14,4.4,4.42,0.453514739229015
2024-05-15,4.43,4.44,0.225479143179271
2024-05-16,4.4,4.41,0.227014755959132
2024-05-17,4.45,4.46,0.224466891133553
2024-05-20,4.45,4.47,0.448430493273533
2024-05-21,4.34,4.35,0.2301495972382
2024-05-22,4.06,4.07,0.246002460024617
2024-05-23,3.96,3.97,0.252206809583865
2024-05-24,3.83,3.84,0.260756192959577
2024-05-27,3.8,3.81,0.262812089356116
2024-05-28,3.8,3.81,0.262812089356116
2024-05-29,3.68,3.69,0.271370420624146
2024-05-30,3.68,3.69,0.271370420624146
2024-05-31,3.75,3.78,0.796812749003979
2024-06-03,3.72,3.74,0.536193029490617
2024-06-04,3.7,3.71,0.269905533063422
2024-06-05,3.54,3.55,0.282087447108598
2024-06-06,3.66,3.67,0.27285129604365
2024-06-07,3.54,3.57,0.843881856540079
2024-06-10,3.54,3.55,0.282087447108598
2024-06-11,3.6,3.61,0.277392510402213
2024-06-12,3.5,3.51,0.285306704707555
2024-06-13,3.37,3.39,0.591715976331361
2024-06-14,3.5,3.51,0.285306704707555
2024-06-17,3.4,3.41,0.293685756240829
2024-06-18,3.3,3.32,0.604229607250756
2024-06-19,3.39,3.4,0.294550810014721
2024-06-20,3.43,3.44,0.291120815138276
2024-06-21,3.45,3.47,0.578034682080925
2024-06-24,3.47,3.48,0.287769784172656
2024-06-25,3.42,3.43,0.291970802919715
2024-06-26,3.28,3.29,0.304414003044147
2024-06-27,3.6,3.61,0.277392510402213
2024-06-28,3.63,3.64,0.275103163686389
2024-07-01,3.7,3.72,0.539083557951483
2024-07-02,3.68,3.69,0.271370420624146
2024-07-03,3.74,3.76,0.533333333333322
2024-07-04,3.8,3.81,0.262812089356116
2024-07-05,3.75,3.76,0.266311584553922
2024-07-08,3.73,3.74,0.267737617135214
2024-07-09,3.93,3.94,0.254129606099105
2024-07-10,3.97,3.98,0.25157232704402
2024-07-11,4.02,4.04,0.496277915632766
2024-07-12,4.09,4.1,0.244200244200239
2024-07-15,4.23,4.24,0.236127508854777
2024-07-16,4.07,4.08,0.24539877300613
2024-07-17,4.07,4.09,0.490196078431362
2024-07-18,3.91,3.92,0.255427841634733
2024-07-19,3.92,3.93,0.2547770700637
2024-07-22,3.88,3.9,0.51413881748072
2024-07-23,3.75,3.76,0.266311584553922
2024-07-24,3.54,3.55,0.282087447108598
2024-07-25,3.56,3.57,0.280504908835899
2024-07-26,3.7,3.71,0.269905533063422
2024-07-29,3.55,3.56,0.281293952180035
2024-07-30,3.45,3.46,0.289435600578865
2024-07-31,3.47,3.5,0.860832137733136
2024-08-01,3.42,3.43,0.291970802919715
2024-08-02,3.59,3.63,1.10803324099723
2024-08-05,3.71,3.73,0.537634408602151
2024-08-06,3.54,3.55,0.282087447108598
2024-08-07,3.7,3.71,0.269905533063422
2024-08-08,3.95,3.97,0.505050505050506
2024-08-09,4.02,4.03,0.248447204968961
2024-08-12,3.96,3.97,0.252206809583865
2024-08-13,3.79,3.81,0.526315789473685
2024-08-14,3.82,3.83,0.261437908496738
2024-08-15,3.45,3.46,0.289435600578865
2024-08-16,3.76,3.77,0.265604249668001
2024-08-19,4.66,4.67,0.214362272240081
2024-08-20,4.81,4.82,0.207684319833867
2024-08-21,5.15,5.16,0.193986420950529
2024-08-22,5.06,5.07,0.197433366238908
2024-08-23,5.22,5.25,0.573065902578801
2024-08-26,5.26,5.27,0.189933523266853
2024-08-27,5.27,5.28,0.189573459715653
2024-08-28,5.29,5.3,0.188857412653443
2024-08-29,5.16,5.17,0.193610842207159
2024-08-30,4.86,4.87,0.205549845837611
2024-09-02,4.92,4.96,0.809716599190284
2024-09-03,4.85,4.86,0.205973223480961
2024-09-04,4.96,4.97,0.201409869083581
2024-09-05,4.93,4.94,0.20263424518745
2024-09-06,4.85,4.87,0.411522633744866
2024-09-09,4.85,4.86,0.205973223480961
2024-09-10,4.66,4.67,0.214362272240081
2024-09-11,4.72,4.73,0.211640211640226
2024-09-12,4.67,4.69,0.427350427350437
2024-09-13,4.74,4.75,0.210748155953631
2024-09-16,4.54,4.55,0.220022002200215
2024-09-17,4.71,4.73,0.423728813559332
2024-09-18,4.66,4.67,0.214362272240081
2024-09-19,4.64,4.65,0.215285252960187
2024-09-20,4.6,4.62,0.433839479392635
2024-09-23,4.65,4.66,0.214822771213744
2024-09-24,4.7,4.71,0.2125398512221
2024-09-25,4.76,4.77,0.209863588667362
2024-09-26,4.71,4.72,0.212089077412509
2024-09-27,4.89,4.91,0.408163265306132
2024-09-30,4.72,4.73,0.211640211640226
2024-10-01,4.87,4.88,0.205128205128201
2024-10-02,4.87,4.88,0.205128205128201
2024-10-03,4.79,4.81,0.416666666666658
2024-10-04,4.93,4.94,0.20263424518745
2024-10-07,4.81,4.82,0.207684319833867
2024-10-08,4.79,4.8,0.208550573514073
